t,x,h,hu,u
0,0.0125,2,0,0
0,0.0375,2,0,0
0,0.0625,2,0,0
0,0.0875,2,0,0
0,0.1125,2,0,0
0,0.1375,2,0,0
0,0.1625,2,0,0
0,0.1875,2,0,0
0,0.2125,2,0,0
0,0.2375,2,0,0
0,0.2625,2,0,0
0,0.2875,2,0,0
0,0.3125,2,0,0
0,0.3375,2,0,0
0,0.3625,2,0,0
0,0.3875,2,0,0
0,0.4125,2,0,0
0,0.4375,2,0,0
0,0.4625,2,0,0
0,0.4875,2,0,0
0,0.5125,2,0,0
0,0.5375,2,0,0
0,0.5625,2,0,0
0,0.5875,2,0,0
0,0.6125,2,0,0
0,0.6375,2,0,0
0,0.6625,2,0,0
0,0.6875,2,0,0
0,0.7125,2,0,0
0,0.7375,2,0,0
0,0.7625,2,0,0
0,0.7875,2,0,0
0,0.8125,2,0,0
0,0.8375,2,0,0
0,0.8625,2,0,0
0,0.8875,2,0,0
0,0.9125,2,0,0
0,0.9375,2,0,0
0,0.9625,2,0,0
0,0.9875,2,0,0
0,1.0125,2,0,0
0,1.0375,2,0,0
0,1.0625,2,0,0
0,1.0875,2,0,0
0,1.1125,2,0,0
0,1.1375,2,0,0
0,1.1625,2,0,0
0,1.1875,2,0,0
0,1.2125,2,0,0
0,1.2375,2,0,0
0,1.2625,2,0,0
0,1.2875,2,0,0
0,1.3125,2,0,0
0,1.3375,2,0,0
0,1.3625,2,0,0
0,1.3875,2,0,0
0,1.4125,2,0,0
0,1.4375,2,0,0
0,1.4625,2,0,0
0,1.4875,2,0,0
0,1.5125,2,0,0
0,1.5375,2,0,0
0,1.5625,2,0,0
0,1.5875,2,0,0
0,1.6125,2,0,0
0,1.6375,2,0,0
0,1.6625,2,0,0
0,1.6875,2,0,0
0,1.7125,2,0,0
0,1.7375,2,0,0
0,1.7625,2,0,0
0,1.7875,2,0,0
0,1.8125,2,0,0
0,1.8375,2,0,0
0,1.8625,2,0,0
0,1.8875,2,0,0
0,1.9125,2,0,0
0,1.9375,2,0,0
0,1.9625,2,0,0
0,1.9875,2,0,0
0,2.0125,2,0,0
0,2.0375,2,0,0
0,2.0625,2,0,0
0,2.0875,2,0,0
0,2.1125,2,0,0
0,2.1375,2,0,0
0,2.1625,2,0,0
0,2.1875,2,0,0
0,2.2125,2,0,0
0,2.2375,2,0,0
0,2.2625,2,0,0
0,2.2875,2,0,0
0,2.3125,2,0,0
0,2.3375,2,0,0
0,2.3625,2,0,0
0,2.3875,2,0,0
0,2.4125,2,0,0
0,2.4375,2,0,0
0,2.4625,2,0,0
0,2.4875,2,0,0
0,2.5125,2,0,0
0,2.5375,2,0,0
0,2.5625,2,0,0
0,2.5875,2,0,0
0,2.6125,2,0,0
0,2.6375,2,0,0
0,2.6625,2,0,0
0,2.6875,2,0,0
0,2.7125,2,0,0
0,2.7375,2,0,0
0,2.7625,2,0,0
0,2.7875,2,0,0
0,2.8125,2,0,0
0,2.8375,2,0,0
0,2.8625,2,0,0
0,2.8875,2,0,0
0,2.9125,2,0,0
0,2.9375,2,0,0
0,2.9625,2,0,0
0,2.9875,2,0,0
0,3.0125,2,0,0
0,3.0375,2,0,0
0,3.0625,2,0,0
0,3.0875,2,0,0
0,3.1125,2,0,0
0,3.1375,2,0,0
0,3.1625,2,0,0
0,3.1875,2,0,0
0,3.2125,2,0,0
0,3.2375,2,0,0
0,3.2625,2,0,0
0,3.2875,2,0,0
0,3.3125,2,0,0
0,3.3375,2,0,0
0,3.3625,2,0,0
0,3.3875,2,0,0
0,3.4125,2,0,0
0,3.4375,2,0,0
0,3.4625,2,0,0
0,3.4875,2,0,0
0,3.5125,2,0,0
0,3.5375,2,0,0
0,3.5625,2,0,0
0,3.5875,2,0,0
0,3.6125,2,0,0
0,3.6375,2,0,0
0,3.6625,2,0,0
0,3.6875,2,0,0
0,3.7125,2,0,0
0,3.7375,2,0,0
0,3.7625,2,0,0
0,3.7875,2,0,0
0,3.8125,2,0,0
0,3.8375,2,0,0
0,3.8625,2,0,0
0,3.8875,2,0,0
0,3.9125,2,0,0
0,3.9375,2,0,0
0,3.9625,2,0,0
0,3.9875,2,0,0
0,4.0125,2,0,0
0,4.0375,2,0,0
0,4.0625,2,0,0
0,4.0875,2,0,0
0,4.1125,2,0,0
0,4.1375,2,0,0
0,4.1625,2,0,0
0,4.1875,2,0,0
0,4.2125,2,0,0
0,4.2375,2,0,0
0,4.2625,2,0,0
0,4.2875,2,0,0
0,4.3125,2,0,0
0,4.3375,2,0,0
0,4.3625,2,0,0
0,4.3875,2,0,0
0,4.4125,2,0,0
0,4.4375,2,0,0
0,4.4625,2,0,0
0,4.4875,2,0,0
0,4.5125,2,0,0
0,4.5375,2,0,0
0,4.5625,2,0,0
0,4.5875,2,0,0
0,4.6125,2,0,0
0,4.6375,2,0,0
0,4.6625,2,0,0
0,4.6875,2,0,0
0,4.7125,2,0,0
0,4.7375,2,0,0
0,4.7625,2,0,0
0,4.7875,2,0,0
0,4.8125,2,0,0
0,4.8375,2,0,0
0,4.8625,2,0,0
0,4.8875,2,0,0
0,4.9125,2,0,0
0,4.9375,2,0,0
0,4.9625,2,0,0
0,4.9875,2,0,0
0,5.0125,1,0,0
0,5.0375,1,0,0
0,5.0625,1,0,0
0,5.0875,1,0,0
0,5.1125,1,0,0
0,5.1375,1,0,0
0,5.1625,1,0,0
0,5.1875,1,0,0
0,5.2125,1,0,0
0,5.2375,1,0,0
0,5.2625,1,0,0
0,5.2875,1,0,0
0,5.3125,1,0,0
0,5.3375,1,0,0
0,5.3625,1,0,0
0,5.3875,1,0,0
0,5.4125,1,0,0
0,5.4375,1,0,0
0,5.4625,1,0,0
0,5.4875,1,0,0
0,5.5125,1,0,0
0,5.5375,1,0,0
0,5.5625,1,0,0
0,5.5875,1,0,0
0,5.6125,1,0,0
0,5.6375,1,0,0
0,5.6625,1,0,0
0,5.6875,1,0,0
0,5.7125,1,0,0
0,5.7375,1,0,0
0,5.7625,1,0,0
0,5.7875,1,0,0
0,5.8125,1,0,0
0,5.8375,1,0,0
0,5.8625,1,0,0
0,5.8875,1,0,0
0,5.9125,1,0,0
0,5.9375,1,0,0
0,5.9625,1,0,0
0,5.9875,1,0,0
0,6.0125,1,0,0
0,6.0375,1,0,0
0,6.0625,1,0,0
0,6.0875,1,0,0
0,6.1125,1,0,0
0,6.1375,1,0,0
0,6.1625,1,0,0
0,6.1875,1,0,0
0,6.2125,1,0,0
0,6.2375,1,0,0
0,6.2625,1,0,0
0,6.2875,1,0,0
0,6.3125,1,0,0
0,6.3375,1,0,0
0,6.3625,1,0,0
0,6.3875,1,0,0
0,6.4125,1,0,0
0,6.4375,1,0,0
0,6.4625,1,0,0
0,6.4875,1,0,0
0,6.5125,1,0,0
0,6.5375,1,0,0
0,6.5625,1,0,0
0,6.5875,1,0,0
0,6.6125,1,0,0
0,6.6375,1,0,0
0,6.6625,1,0,0
0,6.6875,1,0,0
0,6.7125,1,0,0
0,6.7375,1,0,0
0,6.7625,1,0,0
0,6.7875,1,0,0
0,6.8125,1,0,0
0,6.8375,1,0,0
0,6.8625,1,0,0
0,6.8875,1,0,0
0,6.9125,1,0,0
0,6.9375,1,0,0
0,6.9625,1,0,0
0,6.9875,1,0,0
0,7.0125,1,0,0
0,7.0375,1,0,0
0,7.0625,1,0,0
0,7.0875,1,0,0
0,7.1125,1,0,0
0,7.1375,1,0,0
0,7.1625,1,0,0
0,7.1875,1,0,0
0,7.2125,1,0,0
0,7.2375,1,0,0
0,7.2625,1,0,0
0,7.2875,1,0,0
0,7.3125,1,0,0
0,7.3375,1,0,0
0,7.3625,1,0,0
0,7.3875,1,0,0
0,7.4125,1,0,0
0,7.4375,1,0,0
0,7.4625,1,0,0
0,7.4875,1,0,0
0,7.5125,1,0,0
0,7.5375,1,0,0
0,7.5625,1,0,0
0,7.5875,1,0,0
0,7.6125,1,0,0
0,7.6375,1,0,0
0,7.6625,1,0,0
0,7.6875,1,0,0
0,7.7125,1,0,0
0,7.7375,1,0,0
0,7.7625,1,0,0
0,7.7875,1,0,0
0,7.8125,1,0,0
0,7.8375,1,0,0
0,7.8625,1,0,0
0,7.8875,1,0,0
0,7.9125,1,0,0
0,7.9375,1,0,0
0,7.9625,1,0,0
0,7.9875,1,0,0
0,8.0125,1,0,0
0,8.0375,1,0,0
0,8.0625,1,0,0
0,8.0875,1,0,0
0,8.1125,1,0,0
0,8.1375,1,0,0
0,8.1625,1,0,0
0,8.1875,1,0,0
0,8.2125,1,0,0
0,8.2375,1,0,0
0,8.2625,1,0,0
0,8.2875,1,0,0
0,8.3125,1,0,0
0,8.3375,1,0,0
0,8.3625,1,0,0
0,8.3875,1,0,0
0,8.4125,1,0,0
0,8.4375,1,0,0
0,8.4625,1,0,0
0,8.4875,1,0,0
0,8.5125,1,0,0
0,8.5375,1,0,0
0,8.5625,1,0,0
0,8.5875,1,0,0
0,8.6125,1,0,0
0,8.6375,1,0,0
0,8.6625,1,0,0
0,8.6875,1,0,0
0,8.7125,1,0,0
0,8.7375,1,0,0
0,8.7625,1,0,0
0,8.7875,1,0,0
0,8.8125,1,0,0
0,8.8375,1,0,0
0,8.8625,1,0,0
0,8.8875,1,0,0
0,8.9125,1,0,0
0,8.9375,1,0,0
0,8.9625,1,0,0
0,8.9875,1,0,0
0,9.0125,1,0,0
0,9.0375,1,0,0
0,9.0625,1,0,0
0,9.0875,1,0,0
0,9.1125,1,0,0
0,9.1375,1,0,0
0,9.1625,1,0,0
0,9.1875,1,0,0
0,9.2125,1,0,0
0,9.2375,1,0,0
0,9.2625,1,0,0
0,9.2875,1,0,0
0,9.3125,1,0,0
0,9.3375,1,0,0
0,9.3625,1,0,0
0,9.3875,1,0,0
0,9.4125,1,0,0
0,9.4375,1,0,0
0,9.4625,1,0,0
0,9.4875,1,0,0
0,9.5125,1,0,0
0,9.5375,1,0,0
0,9.5625,1,0,0
0,9.5875,1,0,0
0,9.6125,1,0,0
0,9.6375,1,0,0
0,9.6625,1,0,0
0,9.6875,1,0,0
0,9.7125,1,0,0
0,9.7375,1,0,0
0,9.7625,1,0,0
0,9.7875,1,0,0
0,9.8125,1,0,0
0,9.8375,1,0,0
0,9.8625,1,0,0
0,9.8875,1,0,0
0,9.9125,1,0,0
0,9.9375,1,0,0
0,9.9625,1,0,0
0,9.9875,1,0,0
0.22253,0.0125,1.45309,-1.89618,-1.30493
0.22253,0.0375,1.45307,-1.8963,-1.30503
0.22253,0.0625,1.45305,-1.89642,-1.30514
0.22253,0.0875,1.45302,-1.89656,-1.30525
0.22253,0.1125,1.45299,-1.89671,-1.30539
0.22253,0.1375,1.45294,-1.89687,-1.30554
0.22253,0.1625,1.45289,-1.89705,-1.30571
0.22253,0.1875,1.45283,-1.89727,-1.30591
0.22253,0.2125,1.45276,-1.8975,-1.30614
0.22253,0.2375,1.45268,-1.89774,-1.30636
0.22253,0.2625,1.45264,-1.89789,-1.30651
0.22253,0.2875,1.45271,-1.89777,-1.30637
0.22253,0.3125,1.45304,-1.897,-1.30554
0.22253,0.3375,1.4539,-1.89494,-1.30335
0.22253,0.3625,1.45563,-1.8907,-1.29889
0.22253,0.3875,1.45866,-1.8832,-1.29105
0.22253,0.4125,1.46341,-1.87137,-1.27877
0.22253,0.4375,1.47021,-1.85428,-1.26124
0.22253,0.4625,1.47922,-1.83132,-1.23803
0.22253,0.4875,1.4905,-1.80216,-1.2091
0.22253,0.5125,1.50392,-1.7668,-1.1748
0.22253,0.5375,1.51931,-1.72542,-1.13566
0.22253,0.5625,1.53645,-1.6783,-1.09233
0.22253,0.5875,1.55509,-1.62579,-1.04547
0.22253,0.6125,1.57501,-1.56823,-0.995697
0.22253,0.6375,1.59601,-1.50594,-0.943562
0.22253,0.6625,1.61792,-1.4392,-0.889537
0.22253,0.6875,1.6406,-1.3683,-0.834024
0.22253,0.7125,1.6639,-1.29346,-0.777367
0.22253,0.7375,1.68771,-1.21493,-0.719868
0.22253,0.7625,1.71194,-1.13295,-0.661794
0.22253,0.7875,1.73647,-1.04778,-0.603397
0.22253,0.8125,1.76121,-0.959728,-0.544927
0.22253,0.8375,1.78603,-0.869167,-0.486647
0.22253,0.8625,1.81082,-0.776577,-0.428853
0.22253,0.8875,1.83542,-0.682587,-0.371898
0.22253,0.9125,1.85962,-0.58804,-0.316215
0.22253,0.9375,1.88318,-0.494067,-0.262358
0.22253,0.9625,1.90576,-0.402183,-0.211035
0.22253,0.9875,1.92696,-0.314376,-0.163146
0.22253,1.0125,1.94624,-0.233153,-0.119797
0.22253,1.0375,1.96302,-0.16144,-0.082241
0.22253,1.0625,1.97671,-0.102191,-0.0516974
0.22253,1.0875,1.98693,-0.0575784,-0.0289785
0.22253,1.1125,1.99367,-0.0279541,-0.0140214
0.22253,1.1375,1.99746,-0.0112481,-0.00563121
0.22253,1.1625,1.99919,-0.00357316,-0.0017873
0.22253,1.1875,1.99981,-0.000836466,-0.000418273
0.22253,1.2125,1.99997,-0.000128051,-6.40263e-05
0.22253,1.2375,2,-9.6116e-06,-4.8058e-06
0.22253,1.2625,2,0,0
0.22253,1.2875,2,0,0
0.22253,1.3125,2,0,0
0.22253,1.3375,2,0,0
0.22253,1.3625,2,0,0
0.22253,1.3875,2,0,0
0.22253,1.4125,2,0,0
0.22253,1.4375,2,0,0
0.22253,1.4625,2,0,0
0.22253,1.4875,2,0,0
0.22253,1.5125,2,0,0
0.22253,1.5375,2,0,0
0.22253,1.5625,2,0,0
0.22253,1.5875,2,0,0
0.22253,1.6125,2,0,0
0.22253,1.6375,2,0,0
0.22253,1.6625,2,0,0
0.22253,1.6875,2,0,0
0.22253,1.7125,2,0,0
0.22253,1.7375,2,0,0
0.22253,1.7625,2,0,0
0.22253,1.7875,2,0,0
0.22253,1.8125,2,0,0
0.22253,1.8375,2,0,0
0.22253,1.8625,2,0,0
0.22253,1.8875,2,0,0
0.22253,1.9125,2,0,0
0.22253,1.9375,2,0,0
0.22253,1.9625,2,0,0
0.22253,1.9875,2,0,0
0.22253,2.0125,2,0,0
0.22253,2.0375,2,0,0
0.22253,2.0625,2,0,0
0.22253,2.0875,2,0,0
0.22253,2.1125,2,0,0
0.22253,2.1375,2,0,0
0.22253,2.1625,2,0,0
0.22253,2.1875,2,0,0
0.22253,2.2125,2,0,0
0.22253,2.2375,2,0,0
0.22253,2.2625,2,0,0
0.22253,2.2875,2,0,0
0.22253,2.3125,2,0,0
0.22253,2.3375,2,0,0
0.22253,2.3625,2,0,0
0.22253,2.3875,2,0,0
0.22253,2.4125,2,0,0
0.22253,2.4375,2,0,0
0.22253,2.4625,2,0,0
0.22253,2.4875,2,0,0
0.22253,2.5125,2,0,0
0.22253,2.5375,2,0,0
0.22253,2.5625,2,0,0
0.22253,2.5875,2,0,0
0.22253,2.6125,2,0,0
0.22253,2.6375,2,0,0
0.22253,2.6625,2,0,0
0.22253,2.6875,2,0,0
0.22253,2.7125,2,0,0
0.22253,2.7375,2,0,0
0.22253,2.7625,2,0,0
0.22253,2.7875,2,0,0
0.22253,2.8125,2,0,0
0.22253,2.8375,2,0,0
0.22253,2.8625,2,0,0
0.22253,2.8875,2,0,0
0.22253,2.9125,2,0,0
0.22253,2.9375,2,0,0
0.22253,2.9625,2,0,0
0.22253,2.9875,2,0,0
0.22253,3.0125,2,0,0
0.22253,3.0375,2,0,0
0.22253,3.0625,2,0,0
0.22253,3.0875,2,0,0
0.22253,3.1125,2,0,0
0.22253,3.1375,2,0,0
0.22253,3.1625,2,0,0
0.22253,3.1875,2,0,0
0.22253,3.2125,2,0,0
0.22253,3.2375,2,0,0
0.22253,3.2625,2,0,0
0.22253,3.2875,2,0,0
0.22253,3.3125,2,0,0
0.22253,3.3375,2,0,0
0.22253,3.3625,2,0,0
0.22253,3.3875,2,0,0
0.22253,3.4125,2,0,0
0.22253,3.4375,2,0,0
0.22253,3.4625,2,0,0
0.22253,3.4875,2,0,0
0.22253,3.5125,2,0,0
0.22253,3.5375,2,0,0
0.22253,3.5625,2,0,0
0.22253,3.5875,2,0,0
0.22253,3.6125,2,0,0
0.22253,3.6375,2,0,0
0.22253,3.6625,2,0,0
0.22253,3.6875,2,0,0
0.22253,3.7125,2,0,0
0.22253,3.7375,2,0,0
0.22253,3.7625,2,9.6116e-06,4.8058e-06
0.22253,3.7875,1.99997,0.000128051,6.40263e-05
0.22253,3.8125,1.99981,0.000836466,0.000418273
0.22253,3.8375,1.99919,0.00357316,0.0017873
0.22253,3.8625,1.99746,0.0112481,0.00563121
0.22253,3.8875,1.99367,0.0279541,0.0140214
0.22253,3.9125,1.98693,0.0575784,0.0289785
0.22253,3.9375,1.97671,0.102191,0.0516974
0.22253,3.9625,1.96302,0.16144,0.082241
0.22253,3.9875,1.94624,0.233153,0.119797
0.22253,4.0125,1.92696,0.314376,0.163146
0.22253,4.0375,1.90576,0.402183,0.211035
0.22253,4.0625,1.88318,0.494067,0.262358
0.22253,4.0875,1.85962,0.58804,0.316215
0.22253,4.1125,1.83542,0.682587,0.371898
0.22253,4.1375,1.81082,0.776577,0.428853
0.22253,4.1625,1.78603,0.869167,0.486647
0.22253,4.1875,1.76121,0.959728,0.544927
0.22253,4.2125,1.73647,1.04778,0.603397
0.22253,4.2375,1.71194,1.13295,0.661794
0.22253,4.2625,1.68771,1.21493,0.719868
0.22253,4.2875,1.6639,1.29346,0.777367
0.22253,4.3125,1.6406,1.3683,0.834024
0.22253,4.3375,1.61792,1.4392,0.889537
0.22253,4.3625,1.59601,1.50594,0.943562
0.22253,4.3875,1.57501,1.56823,0.995697
0.22253,4.4125,1.55509,1.62579,1.04547
0.22253,4.4375,1.53645,1.6783,1.09233
0.22253,4.4625,1.51931,1.72542,1.13566
0.22253,4.4875,1.50392,1.7668,1.1748
0.22253,4.5125,1.4905,1.80216,1.2091
0.22253,4.5375,1.47922,1.83132,1.23803
0.22253,4.5625,1.47021,1.85428,1.26124
0.22253,4.5875,1.46341,1.87137,1.27877
0.22253,4.6125,1.45866,1.8832,1.29105
0.22253,4.6375,1.45563,1.8907,1.29889
0.22253,4.6625,1.4539,1.89494,1.30335
0.22253,4.6875,1.45304,1.897,1.30554
0.22253,4.7125,1.45271,1.89777,1.30637
0.22253,4.7375,1.45264,1.89789,1.30651
0.22253,4.7625,1.45268,1.89774,1.30636
0.22253,4.7875,1.45276,1.8975,1.30614
0.22253,4.8125,1.45283,1.89727,1.30591
0.22253,4.8375,1.45289,1.89705,1.30571
0.22253,4.8625,1.45294,1.89687,1.30554
0.22253,4.8875,1.45299,1.89671,1.30539
0.22253,4.9125,1.45302,1.89656,1.30525
0.22253,4.9375,1.45305,1.89642,1.30514
0.22253,4.9625,1.45307,1.8963,1.30503
0.22253,4.9875,1.45309,1.89618,1.30493
0.22253,5.0125,1.4531,1.89607,1.30484
0.22253,5.0375,1.45311,1.89596,1.30476
0.22253,5.0625,1.45312,1.89586,1.30468
0.22253,5.0875,1.45313,1.89576,1.30461
0.22253,5.1125,1.45313,1.89567,1.30454
0.22253,5.1375,1.45313,1.89557,1.30447
0.22253,5.1625,1.45313,1.89548,1.30441
0.22253,5.1875,1.45313,1.89538,1.30434
0.22253,5.2125,1.45313,1.89529,1.30428
0.22253,5.2375,1.45312,1.89519,1.30422
0.22253,5.2625,1.45312,1.89509,1.30416
0.22253,5.2875,1.45311,1.89499,1.3041
0.22253,5.3125,1.4531,1.89489,1.30404
0.22253,5.3375,1.45308,1.89478,1.30397
0.22253,5.3625,1.45307,1.89467,1.30391
0.22253,5.3875,1.45306,1.89456,1.30385
0.22253,5.4125,1.45304,1.89444,1.30378
0.22253,5.4375,1.45302,1.89432,1.30371
0.22253,5.4625,1.453,1.89418,1.30364
0.22253,5.4875,1.45298,1.89404,1.30356
0.22253,5.5125,1.45295,1.89389,1.30348
0.22253,5.5375,1.45292,1.89373,1.3034
0.22253,5.5625,1.45289,1.89356,1.3033
0.22253,5.5875,1.45286,1.89338,1.30321
0.22253,5.6125,1.45282,1.89318,1.3031
0.22253,5.6375,1.45278,1.89296,1.30299
0.22253,5.6625,1.45274,1.89271,1.30286
0.22253,5.6875,1.45269,1.89244,1.30272
0.22253,5.7125,1.45263,1.89214,1.30256
0.22253,5.7375,1.45256,1.8918,1.30239
0.22253,5.7625,1.45248,1.89139,1.30218
0.22253,5.7875,1.45238,1.89087,1.30191
0.22253,5.8125,1.45217,1.88981,1.30136
0.22253,5.8375,1.45124,1.88509,1.29895
0.22253,5.8625,1.44575,1.85724,1.28462
0.22253,5.8875,1.41971,1.72714,1.21654
0.22253,5.9125,1.33874,1.33855,0.999855
0.22253,5.9375,1.18889,0.68694,0.577801
0.22253,5.9625,1.05908,0.19585,0.184924
0.22253,5.9875,1.0119,0.0377425,0.0372987
0.22253,6.0125,1.00203,0.00638186,0.00636892
0.22253,6.0375,1.00033,0.00102375,0.00102342
0.22253,6.0625,1.00005,0.000155463,0.000155455
0.22253,6.0875,1.00001,2.18322e-05,2.18321e-05
0.22253,6.1125,1,2.74666e-06,2.74666e-06
0.22253,6.1375,1,2.97653e-07,2.97653e-07
0.22253,6.1625,1,2.6418e-08,2.6418e-08
0.22253,6.1875,1,1.7863e-09,1.7863e-09
0.22253,6.2125,1,8.13068e-11,8.13068e-11
0.22253,6.2375,1,1.86049e-12,1.86049e-12
0.22253,6.2625,1,0,0
0.22253,6.2875,1,0,0
0.22253,6.3125,1,0,0
0.22253,6.3375,1,0,0
0.22253,6.3625,1,0,0
0.22253,6.3875,1,0,0
0.22253,6.4125,1,0,0
0.22253,6.4375,1,0,0
0.22253,6.4625,1,0,0
0.22253,6.4875,1,0,0
0.22253,6.5125,1,0,0
0.22253,6.5375,1,0,0
0.22253,6.5625,1,0,0
0.22253,6.5875,1,0,0
0.22253,6.6125,1,0,0
0.22253,6.6375,1,0,0
0.22253,6.6625,1,0,0
0.22253,6.6875,1,0,0
0.22253,6.7125,1,0,0
0.22253,6.7375,1,0,0
0.22253,6.7625,1,0,0
0.22253,6.7875,1,0,0
0.22253,6.8125,1,0,0
0.22253,6.8375,1,0,0
0.22253,6.8625,1,0,0
0.22253,6.8875,1,0,0
0.22253,6.9125,1,0,0
0.22253,6.9375,1,0,0
0.22253,6.9625,1,0,0
0.22253,6.9875,1,0,0
0.22253,7.0125,1,0,0
0.22253,7.0375,1,0,0
0.22253,7.0625,1,0,0
0.22253,7.0875,1,0,0
0.22253,7.1125,1,0,0
0.22253,7.1375,1,0,0
0.22253,7.1625,1,0,0
0.22253,7.1875,1,0,0
0.22253,7.2125,1,0,0
0.22253,7.2375,1,0,0
0.22253,7.2625,1,0,0
0.22253,7.2875,1,0,0
0.22253,7.3125,1,0,0
0.22253,7.3375,1,0,0
0.22253,7.3625,1,0,0
0.22253,7.3875,1,0,0
0.22253,7.4125,1,0,0
0.22253,7.4375,1,0,0
0.22253,7.4625,1,0,0
0.22253,7.4875,1,0,0
0.22253,7.5125,1,0,0
0.22253,7.5375,1,0,0
0.22253,7.5625,1,0,0
0.22253,7.5875,1,0,0
0.22253,7.6125,1,0,0
0.22253,7.6375,1,0,0
0.22253,7.6625,1,0,0
0.22253,7.6875,1,0,0
0.22253,7.7125,1,0,0
0.22253,7.7375,1,0,0
0.22253,7.7625,1,0,0
0.22253,7.7875,1,0,0
0.22253,7.8125,1,0,0
0.22253,7.8375,1,0,0
0.22253,7.8625,1,0,0
0.22253,7.8875,1,0,0
0.22253,7.9125,1,0,0
0.22253,7.9375,1,0,0
0.22253,7.9625,1,0,0
0.22253,7.9875,1,0,0
0.22253,8.0125,1,0,0
0.22253,8.0375,1,0,0
0.22253,8.0625,1,0,0
0.22253,8.0875,1,0,0
0.22253,8.1125,1,0,0
0.22253,8.1375,1,0,0
0.22253,8.1625,1,0,0
0.22253,8.1875,1,0,0
0.22253,8.2125,1,0,0
0.22253,8.2375,1,0,0
0.22253,8.2625,1,0,0
0.22253,8.2875,1,0,0
0.22253,8.3125,1,0,0
0.22253,8.3375,1,0,0
0.22253,8.3625,1,0,0
0.22253,8.3875,1,0,0
0.22253,8.4125,1,0,0
0.22253,8.4375,1,0,0
0.22253,8.4625,1,0,0
0.22253,8.4875,1,0,0
0.22253,8.5125,1,0,0
0.22253,8.5375,1,0,0
0.22253,8.5625,1,0,0
0.22253,8.5875,1,0,0
0.22253,8.6125,1,0,0
0.22253,8.6375,1,0,0
0.22253,8.6625,1,0,0
0.22253,8.6875,1,0,0
0.22253,8.7125,1,0,0
0.22253,8.7375,1,0,0
0.22253,8.7625,1,-1.86049e-12,-1.86049e-12
0.22253,8.7875,1,-8.13068e-11,-8.13068e-11
0.22253,8.8125,1,-1.7863e-09,-1.7863e-09
0.22253,8.8375,1,-2.6418e-08,-2.6418e-08
0.22253,8.8625,1,-2.97653e-07,-2.97653e-07
0.22253,8.8875,1,-2.74666e-06,-2.74666e-06
0.22253,8.9125,1.00001,-2.18322e-05,-2.18321e-05
0.22253,8.9375,1.00005,-0.000155463,-0.000155455
0.22253,8.9625,1.00033,-0.00102375,-0.00102342
0.22253,8.9875,1.00203,-0.00638186,-0.00636892
0.22253,9.0125,1.0119,-0.0377425,-0.0372987
0.22253,9.0375,1.05908,-0.19585,-0.184924
0.22253,9.0625,1.18889,-0.68694,-0.577801
0.22253,9.0875,1.33874,-1.33855,-0.999855
0.22253,9.1125,1.41971,-1.72714,-1.21654
0.22253,9.1375,1.44575,-1.85724,-1.28462
0.22253,9.1625,1.45124,-1.88509,-1.29895
0.22253,9.1875,1.45217,-1.88981,-1.30136
0.22253,9.2125,1.45238,-1.89087,-1.30191
0.22253,9.2375,1.45248,-1.89139,-1.30218
0.22253,9.2625,1.45256,-1.8918,-1.30239
0.22253,9.2875,1.45263,-1.89214,-1.30256
0.22253,9.3125,1.45269,-1.89244,-1.30272
0.22253,9.3375,1.45274,-1.89271,-1.30286
0.22253,9.3625,1.45278,-1.89296,-1.30299
0.22253,9.3875,1.45282,-1.89318,-1.3031
0.22253,9.4125,1.45286,-1.89338,-1.30321
0.22253,9.4375,1.45289,-1.89356,-1.3033
0.22253,9.4625,1.45292,-1.89373,-1.3034
0.22253,9.4875,1.45295,-1.89389,-1.30348
0.22253,9.5125,1.45298,-1.89404,-1.30356
0.22253,9.5375,1.453,-1.89418,-1.30364
0.22253,9.5625,1.45302,-1.89432,-1.30371
0.22253,9.5875,1.45304,-1.89444,-1.30378
0.22253,9.6125,1.45306,-1.89456,-1.30385
0.22253,9.6375,1.45307,-1.89467,-1.30391
0.22253,9.6625,1.45308,-1.89478,-1.30397
0.22253,9.6875,1.4531,-1.89489,-1.30404
0.22253,9.7125,1.45311,-1.89499,-1.3041
0.22253,9.7375,1.45312,-1.89509,-1.30416
0.22253,9.7625,1.45312,-1.89519,-1.30422
0.22253,9.7875,1.45313,-1.89529,-1.30428
0.22253,9.8125,1.45313,-1.89538,-1.30434
0.22253,9.8375,1.45313,-1.89548,-1.30441
0.22253,9.8625,1.45313,-1.89557,-1.30447
0.22253,9.8875,1.45313,-1.89567,-1.30454
0.22253,9.9125,1.45313,-1.89576,-1.30461
0.22253,9.9375,1.45312,-1.89586,-1.30468
0.22253,9.9625,1.45311,-1.89596,-1.30476
0.22253,9.9875,1.4531,-1.89607,-1.30484
0.443913,0.0125,1.45354,-1.89686,-1.305
0.443913,0.0375,1.45354,-1.89688,-1.30501
0.443913,0.0625,1.45353,-1.8969,-1.30503
0.443913,0.0875,1.45353,-1.89692,-1.30504
0.443913,0.1125,1.45353,-1.89695,-1.30506
0.443913,0.1375,1.45353,-1.89697,-1.30508
0.443913,0.1625,1.45353,-1.897,-1.3051
0.443913,0.1875,1.45353,-1.89702,-1.30512
0.443913,0.2125,1.45352,-1.89705,-1.30514
0.443913,0.2375,1.45352,-1.89708,-1.30516
0.443913,0.2625,1.45351,-1.89711,-1.30519
0.443913,0.2875,1.45351,-1.89714,-1.30521
0.443913,0.3125,1.4535,-1.89717,-1.30524
0.443913,0.3375,1.4535,-1.89721,-1.30527
0.443913,0.3625,1.45349,-1.89725,-1.30531
0.443913,0.3875,1.45348,-1.89729,-1.30534
0.443913,0.4125,1.45347,-1.89733,-1.30539
0.443913,0.4375,1.45345,-1.89738,-1.30543
0.443913,0.4625,1.45344,-1.89743,-1.30548
0.443913,0.4875,1.45342,-1.89749,-1.30554
0.443913,0.5125,1.4534,-1.89756,-1.3056
0.443913,0.5375,1.45338,-1.89763,-1.30567
0.443913,0.5625,1.45335,-1.89771,-1.30575
0.443913,0.5875,1.45332,-1.8978,-1.30583
0.443913,0.6125,1.45329,-1.89789,-1.30593
0.443913,0.6375,1.45326,-1.89798,-1.30602
0.443913,0.6625,1.45323,-1.89806,-1.3061
0.443913,0.6875,1.45322,-1.89811,-1.30614
0.443913,0.7125,1.45324,-1.89806,-1.30608
0.443913,0.7375,1.45334,-1.89784,-1.30585
0.443913,0.7625,1.45354,-1.89734,-1.30532
0.443913,0.7875,1.45394,-1.89638,-1.30431
0.443913,0.8125,1.4546,-1.89475,-1.30259
0.443913,0.8375,1.45564,-1.89218,-1.29989
0.443913,0.8625,1.45718,-1.88839,-1.29592
0.443913,0.8875,1.45931,-1.88309,-1.29039
0.443913,0.9125,1.46216,-1.876,-1.28304
0.443913,0.9375,1.46578,-1.86691,-1.27366
0.443913,0.9625,1.47024,-1.85566,-1.26214
0.443913,0.9875,1.47555,-1.84215,-1.24845
0.443913,1.0125,1.48171,-1.82637,-1.23261
0.443913,1.0375,1.48868,-1.80832,-1.21471
0.443913,1.0625,1.49641,-1.78808,-1.19491
0.443913,1.0875,1.50485,-1.76574,-1.17337
0.443913,1.1125,1.51392,-1.74139,-1.15025
0.443913,1.1375,1.52357,-1.71516,-1.12575
0.443913,1.1625,1.53374,-1.68716,-1.10003
0.443913,1.1875,1.54436,-1.65747,-1.07324
0.443913,1.2125,1.55539,-1.62621,-1.04554
0.443913,1.2375,1.56677,-1.59346,-1.01703
0.443913,1.2625,1.57847,-1.55929,-0.987849
0.443913,1.2875,1.59045,-1.52377,-0.958077
0.443913,1.3125,1.60268,-1.48697,-0.927804
0.443913,1.3375,1.61512,-1.44893,-0.897102
0.443913,1.3625,1.62777,-1.40971,-0.866036
0.443913,1.3875,1.64059,-1.36934,-0.834662
0.443913,1.4125,1.65357,-1.32786,-0.803029
0.443913,1.4375,1.66668,-1.28532,-0.771182
0.443913,1.4625,1.67992,-1.24173,-0.739158
0.443913,1.4875,1.69328,-1.19714,-0.706995
0.443913,1.5125,1.70672,-1.15157,-0.674726
0.443913,1.5375,1.72026,-1.10506,-0.642382
0.443913,1.5625,1.73386,-1.05765,-0.609995
0.443913,1.5875,1.74752,-1.00936,-0.577596
0.443913,1.6125,1.76123,-0.96025,-0.545216
0.443913,1.6375,1.77497,-0.910359,-0.512888
0.443913,1.6625,1.78872,-0.859747,-0.480649
0.443913,1.6875,1.80247,-0.808478,-0.448538
0.443913,1.7125,1.8162,-0.756632,-0.416602
0.443913,1.7375,1.82988,-0.704306,-0.384891
0.443913,1.7625,1.84349,-0.651616,-0.353468
0.443913,1.7875,1.85699,-0.598702,-0.322404
0.443913,1.8125,1.87035,-0.54574,-0.291785
0.443913,1.8375,1.88351,-0.492942,-0.261714
0.443913,1.8625,1.89643,-0.440569,-0.232315
0.443913,1.8875,1.90902,-0.388941,-0.203738
0.443913,1.9125,1.92121,-0.338444,-0.176161
0.443913,1.9375,1.93291,-0.289541,-0.149795
0.443913,1.9625,1.94399,-0.242775,-0.124885
0.443913,1.9875,1.95433,-0.198767,-0.101706
0.443913,2.0125,1.96378,-0.158191,-0.0805544
0.443913,2.0375,1.97222,-0.121737,-0.0617258
0.443913,2.0625,1.97951,-0.0900327,-0.0454823
0.443913,2.0875,1.98557,-0.0635491,-0.0320054
0.443913,2.1125,1.99037,-0.0424868,-0.0213462
0.443913,2.1375,1.99396,-0.0266894,-0.0133851
0.443913,2.1625,1.99647,-0.0156233,-0.00782547
0.443913,2.1875,1.99809,-0.00845157,-0.00422983
0.443913,2.2125,1.99905,-0.00418982,-0.0020959
0.443913,2.2375,1.99957,-0.00188714,-0.000943769
0.443913,2.2625,1.99983,-0.000765124,-0.000382595
0.443913,2.2875,1.99994,-0.000276316,-0.000138162
0.443913,2.3125,1.99998,-8.77719e-05,-4.38864e-05
0.443913,2.3375,1.99999,-2.414e-05,-1.207e-05
0.443913,2.3625,2,-5.63154e-06,-2.81577e-06
0.443913,2.3875,2,-1.08351e-06,-5.41755e-07
0.443913,2.4125,2,-1.65072e-07,-8.25361e-08
0.443913,2.4375,2,-1.8671e-08,-9.33552e-09
0.443913,2.4625,2,-1.39383e-09,-6.96914e-10
0.443913,2.4875,2,-5.15116e-11,-2.57558e-11
0.443913,2.5125,2,5.15116e-11,2.57558e-11
0.443913,2.5375,2,1.39383e-09,6.96914e-10
0.443913,2.5625,2,1.8671e-08,9.33552e-09
0.443913,2.5875,2,1.65072e-07,8.25361e-08
0.443913,2.6125,2,1.08351e-06,5.41755e-07
0.443913,2.6375,2,5.63154e-06,2.81577e-06
0.443913,2.6625,1.99999,2.414e-05,1.207e-05
0.443913,2.6875,1.99998,8.77719e-05,4.38864e-05
0.443913,2.7125,1.99994,0.000276316,0.000138162
0.443913,2.7375,1.99983,0.000765124,0.000382595
0.443913,2.7625,1.99957,0.00188714,0.000943769
0.443913,2.7875,1.99905,0.00418982,0.0020959
0.443913,2.8125,1.99809,0.00845157,0.00422983
0.443913,2.8375,1.99647,0.0156233,0.00782547
0.443913,2.8625,1.99396,0.0266894,0.0133851
0.443913,2.8875,1.99037,0.0424868,0.0213462
0.443913,2.9125,1.98557,0.0635491,0.0320054
0.443913,2.9375,1.97951,0.0900327,0.0454823
0.443913,2.9625,1.97222,0.121737,0.0617258
0.443913,2.9875,1.96378,0.158191,0.0805544
0.443913,3.0125,1.95433,0.198767,0.101706
0.443913,3.0375,1.94399,0.242775,0.124885
0.443913,3.0625,1.93291,0.289541,0.149795
0.443913,3.0875,1.92121,0.338444,0.176161
0.443913,3.1125,1.90902,0.388941,0.203738
0.443913,3.1375,1.89643,0.440569,0.232315
0.443913,3.1625,1.88351,0.492942,0.261714
0.443913,3.1875,1.87035,0.54574,0.291785
0.443913,3.2125,1.85699,0.598702,0.322404
0.443913,3.2375,1.84349,0.651616,0.353468
0.443913,3.2625,1.82988,0.704306,0.384891
0.443913,3.2875,1.8162,0.756632,0.416602
0.443913,3.3125,1.80247,0.808478,0.448538
0.443913,3.3375,1.78872,0.859747,0.480649
0.443913,3.3625,1.77497,0.910359,0.512888
0.443913,3.3875,1.76123,0.96025,0.545216
0.443913,3.4125,1.74752,1.00936,0.577596
0.443913,3.4375,1.73386,1.05765,0.609995
0.443913,3.4625,1.72026,1.10506,0.642382
0.443913,3.4875,1.70672,1.15157,0.674726
0.443913,3.5125,1.69328,1.19714,0.706995
0.443913,3.5375,1.67992,1.24173,0.739158
0.443913,3.5625,1.66668,1.28532,0.771182
0.443913,3.5875,1.65357,1.32786,0.803029
0.443913,3.6125,1.64059,1.36934,0.834662
0.443913,3.6375,1.62777,1.40971,0.866036
0.443913,3.6625,1.61512,1.44893,0.897102
0.443913,3.6875,1.60268,1.48697,0.927804
0.443913,3.7125,1.59045,1.52377,0.958077
0.443913,3.7375,1.57847,1.55929,0.987849
0.443913,3.7625,1.56677,1.59346,1.01703
0.443913,3.7875,1.55539,1.62621,1.04554
0.443913,3.8125,1.54436,1.65747,1.07324
0.443913,3.8375,1.53374,1.68716,1.10003
0.443913,3.8625,1.52357,1.71516,1.12575
0.443913,3.8875,1.51392,1.74139,1.15025
0.443913,3.9125,1.50485,1.76574,1.17337
0.443913,3.9375,1.49641,1.78808,1.19491
0.443913,3.9625,1.48868,1.80832,1.21471
0.443913,3.9875,1.48171,1.82637,1.23261
0.443913,4.0125,1.47555,1.84215,1.24845
0.443913,4.0375,1.47024,1.85566,1.26214
0.443913,4.0625,1.46578,1.86691,1.27366
0.443913,4.0875,1.46216,1.876,1.28304
0.443913,4.1125,1.45931,1.88309,1.29039
0.443913,4.1375,1.45718,1.88839,1.29592
0.443913,4.1625,1.45564,1.89218,1.29989
0.443913,4.1875,1.4546,1.89475,1.30259
0.443913,4.2125,1.45394,1.89638,1.30431
0.443913,4.2375,1.45354,1.89734,1.30532
0.443913,4.2625,1.45334,1.89784,1.30585
0.443913,4.2875,1.45324,1.89806,1.30608
0.443913,4.3125,1.45322,1.89811,1.30614
0.443913,4.3375,1.45323,1.89806,1.3061
0.443913,4.3625,1.45326,1.89798,1.30602
0.443913,4.3875,1.45329,1.89789,1.30593
0.443913,4.4125,1.45332,1.8978,1.30583
0.443913,4.4375,1.45335,1.89771,1.30575
0.443913,4.4625,1.45338,1.89763,1.30567
0.443913,4.4875,1.4534,1.89756,1.3056
0.443913,4.5125,1.45342,1.89749,1.30554
0.443913,4.5375,1.45344,1.89743,1.30548
0.443913,4.5625,1.45345,1.89738,1.30543
0.443913,4.5875,1.45347,1.89733,1.30539
0.443913,4.6125,1.45348,1.89729,1.30534
0.443913,4.6375,1.45349,1.89725,1.30531
0.443913,4.6625,1.4535,1.89721,1.30527
0.443913,4.6875,1.4535,1.89717,1.30524
0.443913,4.7125,1.45351,1.89714,1.30521
0.443913,4.7375,1.45351,1.89711,1.30519
0.443913,4.7625,1.45352,1.89708,1.30516
0.443913,4.7875,1.45352,1.89705,1.30514
0.443913,4.8125,1.45353,1.89702,1.30512
0.443913,4.8375,1.45353,1.897,1.3051
0.443913,4.8625,1.45353,1.89697,1.30508
0.443913,4.8875,1.45353,1.89695,1.30506
0.443913,4.9125,1.45353,1.89692,1.30504
0.443913,4.9375,1.45353,1.8969,1.30503
0.443913,4.9625,1.45354,1.89688,1.30501
0.443913,4.9875,1.45354,1.89686,1.305
0.443913,5.0125,1.45353,1.89684,1.30498
0.443913,5.0375,1.45353,1.89681,1.30497
0.443913,5.0625,1.45353,1.89679,1.30495
0.443913,5.0875,1.45353,1.89677,1.30494
0.443913,5.1125,1.45353,1.89675,1.30493
0.443913,5.1375,1.45353,1.89673,1.30492
0.443913,5.1625,1.45353,1.89671,1.3049
0.443913,5.1875,1.45352,1.89669,1.30489
0.443913,5.2125,1.45352,1.89667,1.30488
0.443913,5.2375,1.45352,1.89665,1.30487
0.443913,5.2625,1.45352,1.89663,1.30486
0.443913,5.2875,1.45351,1.89661,1.30485
0.443913,5.3125,1.45351,1.89659,1.30483
0.443913,5.3375,1.45351,1.89657,1.30482
0.443913,5.3625,1.4535,1.89655,1.30481
0.443913,5.3875,1.4535,1.89653,1.3048
0.443913,5.4125,1.4535,1.89651,1.30479
0.443913,5.4375,1.45349,1.89648,1.30478
0.443913,5.4625,1.45349,1.89646,1.30476
0.443913,5.4875,1.45348,1.89644,1.30475
0.443913,5.5125,1.45348,1.89641,1.30474
0.443913,5.5375,1.45348,1.89639,1.30473
0.443913,5.5625,1.45347,1.89637,1.30472
0.443913,5.5875,1.45347,1.89634,1.3047
0.443913,5.6125,1.45346,1.89631,1.30469
0.443913,5.6375,1.45346,1.89629,1.30468
0.443913,5.6625,1.45345,1.89626,1.30466
0.443913,5.6875,1.45344,1.89623,1.30465
0.443913,5.7125,1.45344,1.8962,1.30463
0.443913,5.7375,1.45343,1.89618,1.30462
0.443913,5.7625,1.45343,1.89615,1.3046
0.443913,5.7875,1.45342,1.89611,1.30459
0.443913,5.8125,1.45341,1.89608,1.30457
0.443913,5.8375,1.45341,1.89605,1.30455
0.443913,5.8625,1.4534,1.89602,1.30454
0.443913,5.8875,1.45339,1.89598,1.30452
0.443913,5.9125,1.45339,1.89594,1.3045
0.443913,5.9375,1.45338,1.89591,1.30448
0.443913,5.9625,1.45337,1.89587,1.30446
0.443913,5.9875,1.45336,1.89583,1.30444
0.443913,6.0125,1.45335,1.89579,1.30442
0.443913,6.0375,1.45335,1.89574,1.3044
0.443913,6.0625,1.45334,1.8957,1.30438
0.443913,6.0875,1.45333,1.89565,1.30435
0.443913,6.1125,1.45332,1.89561,1.30433
0.443913,6.1375,1.45331,1.89556,1.3043
0.443913,6.1625,1.4533,1.8955,1.30428
0.443913,6.1875,1.45329,1.89545,1.30425
0.443913,6.2125,1.45327,1.89539,1.30422
0.443913,6.2375,1.45326,1.89533,1.30419
0.443913,6.2625,1.45325,1.89527,1.30416
0.443913,6.2875,1.45324,1.89521,1.30413
0.443913,6.3125,1.45322,1.89514,1.30409
0.443913,6.3375,1.45321,1.89507,1.30406
0.443913,6.3625,1.45319,1.895,1.30402
0.443913,6.3875,1.45318,1.89492,1.30398
0.443913,6.4125,1.45316,1.89484,1.30394
0.443913,6.4375,1.45315,1.89475,1.30389
0.443913,6.4625,1.45313,1.89466,1.30385
0.443913,6.4875,1.45311,1.89456,1.3038
0.443913,6.5125,1.45309,1.89446,1.30375
0.443913,6.5375,1.45307,1.89435,1.30369
0.443913,6.5625,1.45304,1.89423,1.30363
0.443913,6.5875,1.45302,1.8941,1.30357
0.443913,6.6125,1.45299,1.89397,1.3035
0.443913,6.6375,1.45296,1.89382,1.30342
0.443913,6.6625,1.45293,1.89367,1.30334
0.443913,6.6875,1.45289,1.89349,1.30325
0.443913,6.7125,1.45285,1.89324,1.30312
0.443913,6.7375,1.4527,1.89252,1.30275
0.443913,6.7625,1.45186,1.88827,1.30059
0.443913,6.7875,1.44655,1.86129,1.28671
0.443913,6.8125,1.42088,1.73297,1.21965
0.443913,6.8375,1.34047,1.34662,1.00458
0.443913,6.8625,1.19071,0.69433,0.583125
0.443913,6.8875,1.06003,0.199133,0.187857
0.443913,6.9125,1.01221,0.0387539,0.0382862
0.443913,6.9375,1.00214,0.00671435,0.00670002
0.443913,6.9625,1.00036,0.00113717,0.00113676
0.443913,6.9875,1.00006,0.000191703,0.000191691
0.443913,7.0125,1.00001,3.22305e-05,3.22301e-05
0.443913,7.0375,1,5.39534e-06,5.39533e-06
0.443913,7.0625,1,8.96239e-07,8.96239e-07
0.443913,7.0875,1,1.47009e-07,1.47009e-07
0.443913,7.1125,1,2.36566e-08,2.36566e-08
0.443913,7.1375,1,3.70502e-09,3.70502e-09
0.443913,7.1625,1,5.5958e-10,5.5958e-10
0.443913,7.1875,1,8.06776e-11,8.06776e-11
0.443913,7.2125,1,1.09831e-11,1.09831e-11
0.443913,7.2375,1,1.39554e-12,1.39554e-12
0.443913,7.2625,1,1.63274e-13,1.63274e-13
0.443913,7.2875,1,1.76173e-14,1.76173e-14
0.443913,7.3125,1,1.73027e-15,1.73027e-15
0.443913,7.3375,1,1.57297e-16,1.57297e-16
0.443913,7.3625,1,0,0
0.443913,7.3875,1,0,0
0.443913,7.4125,1,0,0
0.443913,7.4375,1,0,0
0.443913,7.4625,1,0,0
0.443913,7.4875,1,0,0
0.443913,7.5125,1,0,0
0.443913,7.5375,1,0,0
0.443913,7.5625,1,0,0
0.443913,7.5875,1,0,0
0.443913,7.6125,1,0,0
0.443913,7.6375,1,0,0
0.443913,7.6625,1,-1.57297e-16,-1.57297e-16
0.443913,7.6875,1,-1.73027e-15,-1.73027e-15
0.443913,7.7125,1,-1.76173e-14,-1.76173e-14
0.443913,7.7375,1,-1.63274e-13,-1.63274e-13
0.443913,7.7625,1,-1.39554e-12,-1.39554e-12
0.443913,7.7875,1,-1.09831e-11,-1.09831e-11
0.443913,7.8125,1,-8.06776e-11,-8.06776e-11
0.443913,7.8375,1,-5.5958e-10,-5.5958e-10
0.443913,7.8625,1,-3.70502e-09,-3.70502e-09
0.443913,7.8875,1,-2.36566e-08,-2.36566e-08
0.443913,7.9125,1,-1.47009e-07,-1.47009e-07
0.443913,7.9375,1,-8.96239e-07,-8.96239e-07
0.443913,7.9625,1,-5.39534e-06,-5.39533e-06
0.443913,7.9875,1.00001,-3.22305e-05,-3.22301e-05
0.443913,8.0125,1.00006,-0.000191703,-0.000191691
0.443913,8.0375,1.00036,-0.00113717,-0.00113676
0.443913,8.0625,1.00214,-0.00671435,-0.00670002
0.443913,8.0875,1.01221,-0.0387539,-0.0382862
0.443913,8.1125,1.06003,-0.199133,-0.187857
0.443913,8.1375,1.19071,-0.69433,-0.583125
0.443913,8.1625,1.34047,-1.34662,-1.00458
0.443913,8.1875,1.42088,-1.73297,-1.21965
0.443913,8.2125,1.44655,-1.86129,-1.28671
0.443913,8.2375,1.45186,-1.88827,-1.30059
0.443913,8.2625,1.4527,-1.89252,-1.30275
0.443913,8.2875,1.45285,-1.89324,-1.30312
0.443913,8.3125,1.45289,-1.89349,-1.30325
0.443913,8.3375,1.45293,-1.89367,-1.30334
0.443913,8.3625,1.45296,-1.89382,-1.30342
0.443913,8.3875,1.45299,-1.89397,-1.3035
0.443913,8.4125,1.45302,-1.8941,-1.30357
0.443913,8.4375,1.45304,-1.89423,-1.30363
0.443913,8.4625,1.45307,-1.89435,-1.30369
0.443913,8.4875,1.45309,-1.89446,-1.30375
0.443913,8.5125,1.45311,-1.89456,-1.3038
0.443913,8.5375,1.45313,-1.89466,-1.30385
0.443913,8.5625,1.45315,-1.89475,-1.30389
0.443913,8.5875,1.45316,-1.89484,-1.30394
0.443913,8.6125,1.45318,-1.89492,-1.30398
0.443913,8.6375,1.45319,-1.895,-1.30402
0.443913,8.6625,1.45321,-1.89507,-1.30406
0.443913,8.6875,1.45322,-1.89514,-1.30409
0.443913,8.7125,1.45324,-1.89521,-1.30413
0.443913,8.7375,1.45325,-1.89527,-1.30416
0.443913,8.7625,1.45326,-1.89533,-1.30419
0.443913,8.7875,1.45327,-1.89539,-1.30422
0.443913,8.8125,1.45329,-1.89545,-1.30425
0.443913,8.8375,1.4533,-1.8955,-1.30428
0.443913,8.8625,1.45331,-1.89556,-1.3043
0.443913,8.8875,1.45332,-1.89561,-1.30433
0.443913,8.9125,1.45333,-1.89565,-1.30435
0.443913,8.9375,1.45334,-1.8957,-1.30438
0.443913,8.9625,1.45335,-1.89574,-1.3044
0.443913,8.9875,1.45335,-1.89579,-1.30442
0.443913,9.0125,1.45336,-1.89583,-1.30444
0.443913,9.0375,1.45337,-1.89587,-1.30446
0.443913,9.0625,1.45338,-1.89591,-1.30448
0.443913,9.0875,1.45339,-1.89594,-1.3045
0.443913,9.1125,1.45339,-1.89598,-1.30452
0.443913,9.1375,1.4534,-1.89602,-1.30454
0.443913,9.1625,1.45341,-1.89605,-1.30455
0.443913,9.1875,1.45341,-1.89608,-1.30457
0.443913,9.2125,1.45342,-1.89611,-1.30459
0.443913,9.2375,1.45343,-1.89615,-1.3046
0.443913,9.2625,1.45343,-1.89618,-1.30462
0.443913,9.2875,1.45344,-1.8962,-1.30463
0.443913,9.3125,1.45344,-1.89623,-1.30465
0.443913,9.3375,1.45345,-1.89626,-1.30466
0.443913,9.3625,1.45346,-1.89629,-1.30468
0.443913,9.3875,1.45346,-1.89631,-1.30469
0.443913,9.4125,1.45347,-1.89634,-1.3047
0.443913,9.4375,1.45347,-1.89637,-1.30472
0.443913,9.4625,1.45348,-1.89639,-1.30473
0.443913,9.4875,1.45348,-1.89641,-1.30474
0.443913,9.5125,1.45348,-1.89644,-1.30475
0.443913,9.5375,1.45349,-1.89646,-1.30476
0.443913,9.5625,1.45349,-1.89648,-1.30478
0.443913,9.5875,1.4535,-1.89651,-1.30479
0.443913,9.6125,1.4535,-1.89653,-1.3048
0.443913,9.6375,1.4535,-1.89655,-1.30481
0.443913,9.6625,1.45351,-1.89657,-1.30482
0.443913,9.6875,1.45351,-1.89659,-1.30483
0.443913,9.7125,1.45351,-1.89661,-1.30485
0.443913,9.7375,1.45352,-1.89663,-1.30486
0.443913,9.7625,1.45352,-1.89665,-1.30487
0.443913,9.7875,1.45352,-1.89667,-1.30488
0.443913,9.8125,1.45352,-1.89669,-1.30489
0.443913,9.8375,1.45353,-1.89671,-1.3049
0.443913,9.8625,1.45353,-1.89673,-1.30492
0.443913,9.8875,1.45353,-1.89675,-1.30493
0.443913,9.9125,1.45353,-1.89677,-1.30494
0.443913,9.9375,1.45353,-1.89679,-1.30495
0.443913,9.9625,1.45353,-1.89681,-1.30497
0.443913,9.9875,1.45353,-1.89684,-1.30498
0.665285,0.0125,1.45365,-1.89726,-1.30518
0.665285,0.0375,1.45365,-1.89727,-1.30518
0.665285,0.0625,1.45365,-1.89728,-1.30518
0.665285,0.0875,1.45365,-1.89729,-1.30519
0.665285,0.1125,1.45365,-1.8973,-1.30519
0.665285,0.1375,1.45365,-1.8973,-1.3052
0.665285,0.1625,1.45365,-1.89731,-1.3052
0.665285,0.1875,1.45365,-1.89732,-1.30521
0.665285,0.2125,1.45366,-1.89733,-1.30521
0.665285,0.2375,1.45366,-1.89733,-1.30522
0.665285,0.2625,1.45366,-1.89734,-1.30522
0.665285,0.2875,1.45366,-1.89735,-1.30523
0.665285,0.3125,1.45366,-1.89736,-1.30523
0.665285,0.3375,1.45366,-1.89737,-1.30524
0.665285,0.3625,1.45366,-1.89738,-1.30524
0.665285,0.3875,1.45366,-1.89739,-1.30525
0.665285,0.4125,1.45366,-1.89739,-1.30526
0.665285,0.4375,1.45366,-1.8974,-1.30526
0.665285,0.4625,1.45366,-1.89741,-1.30527
0.665285,0.4875,1.45366,-1.89743,-1.30528
0.665285,0.5125,1.45365,-1.89744,-1.30529
0.665285,0.5375,1.45365,-1.89745,-1.3053
0.665285,0.5625,1.45365,-1.89746,-1.30531
0.665285,0.5875,1.45365,-1.89747,-1.30532
0.665285,0.6125,1.45365,-1.89749,-1.30533
0.665285,0.6375,1.45364,-1.8975,-1.30534
0.665285,0.6625,1.45364,-1.89752,-1.30536
0.665285,0.6875,1.45364,-1.89753,-1.30537
0.665285,0.7125,1.45363,-1.89755,-1.30539
0.665285,0.7375,1.45363,-1.89757,-1.3054
0.665285,0.7625,1.45362,-1.89759,-1.30542
0.665285,0.7875,1.45362,-1.89761,-1.30544
0.665285,0.8125,1.45361,-1.89764,-1.30547
0.665285,0.8375,1.4536,-1.89766,-1.30549
0.665285,0.8625,1.45359,-1.89769,-1.30552
0.665285,0.8875,1.45358,-1.89772,-1.30555
0.665285,0.9125,1.45357,-1.89776,-1.30558
0.665285,0.9375,1.45356,-1.8978,-1.30562
0.665285,0.9625,1.45355,-1.89784,-1.30566
0.665285,0.9875,1.45353,-1.89789,-1.30571
0.665285,1.0125,1.45351,-1.89794,-1.30576
0.665285,1.0375,1.45349,-1.89799,-1.30581
0.665285,1.0625,1.45347,-1.89804,-1.30587
0.665285,1.0875,1.45346,-1.89809,-1.30592
0.665285,1.1125,1.45344,-1.89814,-1.30596
0.665285,1.1375,1.45344,-1.89816,-1.30598
0.665285,1.1625,1.45345,-1.89813,-1.30595
0.665285,1.1875,1.45349,-1.89803,-1.30584
0.665285,1.2125,1.45358,-1.89782,-1.30561
0.665285,1.2375,1.45375,-1.89742,-1.30519
0.665285,1.2625,1.45401,-1.89676,-1.3045
0.665285,1.2875,1.45442,-1.89575,-1.30344
0.665285,1.3125,1.45502,-1.89427,-1.30188
0.665285,1.3375,1.45586,-1.8922,-1.29971
0.665285,1.3625,1.457,-1.88939,-1.29677
0.665285,1.3875,1.45847,-1.88573,-1.29295
0.665285,1.4125,1.46033,-1.8811,-1.28813
0.665285,1.4375,1.46262,-1.87538,-1.28221
0.665285,1.4625,1.46536,-1.86851,-1.27512
0.665285,1.4875,1.46857,-1.86042,-1.26682
0.665285,1.5125,1.47225,-1.85108,-1.25731
0.665285,1.5375,1.4764,-1.84049,-1.2466
0.665285,1.5625,1.48101,-1.82865,-1.23473
0.665285,1.5875,1.48604,-1.81556,-1.22175
0.665285,1.6125,1.49146,-1.80123,-1.2077
0.665285,1.6375,1.49724,-1.78565,-1.19263
0.665285,1.6625,1.50331,-1.76874,-1.17656
0.665285,1.6875,1.50962,-1.75039,-1.15949
0.665285,1.7125,1.51609,-1.73041,-1.14137
0.665285,1.7375,1.52261,-1.70854,-1.12211
0.665285,1.7625,1.52911,-1.68445,-1.10159
0.665285,1.7875,1.53546,-1.65783,-1.07969
0.665285,1.8125,1.54158,-1.62833,-1.05627
0.665285,1.8375,1.54738,-1.59572,-1.03124
0.665285,1.8625,1.55279,-1.5598,-1.00452
0.665285,1.8875,1.55778,-1.52054,-0.976095
0.665285,1.9125,1.56231,-1.47796,-0.946007
0.665285,1.9375,1.5664,-1.4322,-0.914324
0.665285,1.9625,1.57005,-1.38345,-0.88115
0.665285,1.9875,1.5733,-1.33197,-0.846607
0.665285,2.0125,1.57617,-1.27801,-0.810827
0.665285,2.0375,1.57871,-1.22183,-0.773942
0.665285,2.0625,1.58094,-1.1637,-0.736079
0.665285,2.0875,1.5829,-1.10385,-0.697358
0.665285,2.1125,1.58463,-1.0425,-0.657886
0.665285,2.1375,1.58614,-0.979858,-0.617763
0.665285,2.1625,1.58747,-0.916084,-0.577074
0.665285,2.1875,1.58863,-0.851338,-0.535896
0.665285,2.2125,1.58964,-0.785755,-0.494296
0.665285,2.2375,1.59053,-0.719452,-0.452335
0.665285,2.2625,1.5913,-0.652532,-0.410063
0.665285,2.2875,1.59196,-0.585088,-0.367526
0.665285,2.3125,1.59253,-0.517198,-0.324764
0.665285,2.3375,1.59302,-0.448935,-0.281814
0.665285,2.3625,1.59342,-0.38036,-0.238707
0.665285,2.3875,1.59375,-0.311533,-0.195472
0.665285,2.4125,1.59401,-0.242505,-0.152135
0.665285,2.4375,1.5942,-0.173324,-0.108722
0.665285,2.4625,1.59432,-0.104037,-0.0652543
0.665285,2.4875,1.59439,-0.0346858,-0.021755
0.665285,2.5125,1.59439,0.0346858,0.021755
0.665285,2.5375,1.59432,0.104037,0.0652543
0.665285,2.5625,1.5942,0.173324,0.108722
0.665285,2.5875,1.59401,0.242505,0.152135
0.665285,2.6125,1.59375,0.311533,0.195472
0.665285,2.6375,1.59342,0.38036,0.238707
0.665285,2.6625,1.59302,0.448935,0.281814
0.665285,2.6875,1.59253,0.517198,0.324764
0.665285,2.7125,1.59196,0.585088,0.367526
0.665285,2.7375,1.5913,0.652532,0.410063
0.665285,2.7625,1.59053,0.719452,0.452335
0.665285,2.7875,1.58964,0.785755,0.494296
0.665285,2.8125,1.58863,0.851338,0.535896
0.665285,2.8375,1.58747,0.916084,0.577074
0.665285,2.8625,1.58614,0.979858,0.617763
0.665285,2.8875,1.58463,1.0425,0.657886
0.665285,2.9125,1.5829,1.10385,0.697358
0.665285,2.9375,1.58094,1.1637,0.736079
0.665285,2.9625,1.57871,1.22183,0.773942
0.665285,2.9875,1.57617,1.27801,0.810827
0.665285,3.0125,1.5733,1.33197,0.846607
0.665285,3.0375,1.57005,1.38345,0.88115
0.665285,3.0625,1.5664,1.4322,0.914324
0.665285,3.0875,1.56231,1.47796,0.946007
0.665285,3.1125,1.55778,1.52054,0.976095
0.665285,3.1375,1.55279,1.5598,1.00452
0.665285,3.1625,1.54738,1.59572,1.03124
0.665285,3.1875,1.54158,1.62833,1.05627
0.665285,3.2125,1.53546,1.65783,1.07969
0.665285,3.2375,1.52911,1.68445,1.10159
0.665285,3.2625,1.52261,1.70854,1.12211
0.665285,3.2875,1.51609,1.73041,1.14137
0.665285,3.3125,1.50962,1.75039,1.15949
0.665285,3.3375,1.50331,1.76874,1.17656
0.665285,3.3625,1.49724,1.78565,1.19263
0.665285,3.3875,1.49146,1.80123,1.2077
0.665285,3.4125,1.48604,1.81556,1.22175
0.665285,3.4375,1.48101,1.82865,1.23473
0.665285,3.4625,1.4764,1.84049,1.2466
0.665285,3.4875,1.47225,1.85108,1.25731
0.665285,3.5125,1.46857,1.86042,1.26682
0.665285,3.5375,1.46536,1.86851,1.27512
0.665285,3.5625,1.46262,1.87538,1.28221
0.665285,3.5875,1.46033,1.8811,1.28813
0.665285,3.6125,1.45847,1.88573,1.29295
0.665285,3.6375,1.457,1.88939,1.29677
0.665285,3.6625,1.45586,1.8922,1.29971
0.665285,3.6875,1.45502,1.89427,1.30188
0.665285,3.7125,1.45442,1.89575,1.30344
0.665285,3.7375,1.45401,1.89676,1.3045
0.665285,3.7625,1.45375,1.89742,1.30519
0.665285,3.7875,1.45358,1.89782,1.30561
0.665285,3.8125,1.45349,1.89803,1.30584
0.665285,3.8375,1.45345,1.89813,1.30595
0.665285,3.8625,1.45344,1.89816,1.30598
0.665285,3.8875,1.45344,1.89814,1.30596
0.665285,3.9125,1.45346,1.89809,1.30592
0.665285,3.9375,1.45347,1.89804,1.30587
0.665285,3.9625,1.45349,1.89799,1.30581
0.665285,3.9875,1.45351,1.89794,1.30576
0.665285,4.0125,1.45353,1.89789,1.30571
0.665285,4.0375,1.45355,1.89784,1.30566
0.665285,4.0625,1.45356,1.8978,1.30562
0.665285,4.0875,1.45357,1.89776,1.30558
0.665285,4.1125,1.45358,1.89772,1.30555
0.665285,4.1375,1.45359,1.89769,1.30552
0.665285,4.1625,1.4536,1.89766,1.30549
0.665285,4.1875,1.45361,1.89764,1.30547
0.665285,4.2125,1.45362,1.89761,1.30544
0.665285,4.2375,1.45362,1.89759,1.30542
0.665285,4.2625,1.45363,1.89757,1.3054
0.665285,4.2875,1.45363,1.89755,1.30539
0.665285,4.3125,1.45364,1.89753,1.30537
0.665285,4.3375,1.45364,1.89752,1.30536
0.665285,4.3625,1.45364,1.8975,1.30534
0.665285,4.3875,1.45365,1.89749,1.30533
0.665285,4.4125,1.45365,1.89747,1.30532
0.665285,4.4375,1.45365,1.89746,1.30531
0.665285,4.4625,1.45365,1.89745,1.3053
0.665285,4.4875,1.45365,1.89744,1.30529
0.665285,4.5125,1.45366,1.89743,1.30528
0.665285,4.5375,1.45366,1.89741,1.30527
0.665285,4.5625,1.45366,1.8974,1.30526
0.665285,4.5875,1.45366,1.89739,1.30526
0.665285,4.6125,1.45366,1.89739,1.30525
0.665285,4.6375,1.45366,1.89738,1.30524
0.665285,4.6625,1.45366,1.89737,1.30524
0.665285,4.6875,1.45366,1.89736,1.30523
0.665285,4.7125,1.45366,1.89735,1.30523
0.665285,4.7375,1.45366,1.89734,1.30522
0.665285,4.7625,1.45366,1.89733,1.30522
0.665285,4.7875,1.45366,1.89733,1.30521
0.665285,4.8125,1.45365,1.89732,1.30521
0.665285,4.8375,1.45365,1.89731,1.3052
0.665285,4.8625,1.45365,1.8973,1.3052
0.665285,4.8875,1.45365,1.8973,1.30519
0.665285,4.9125,1.45365,1.89729,1.30519
0.665285,4.9375,1.45365,1.89728,1.30518
0.665285,4.9625,1.45365,1.89727,1.30518
0.665285,4.9875,1.45365,1.89726,1.30518
0.665285,5.0125,1.45365,1.89726,1.30517
0.665285,5.0375,1.45364,1.89725,1.30517
0.665285,5.0625,1.45364,1.89724,1.30516
0.665285,5.0875,1.45364,1.89723,1.30516
0.665285,5.1125,1.45364,1.89723,1.30516
0.665285,5.1375,1.45364,1.89722,1.30515
0.665285,5.1625,1.45364,1.89721,1.30515
0.665285,5.1875,1.45364,1.8972,1.30514
0.665285,5.2125,1.45363,1.8972,1.30514
0.665285,5.2375,1.45363,1.89719,1.30514
0.665285,5.2625,1.45363,1.89718,1.30513
0.665285,5.2875,1.45363,1.89717,1.30513
0.665285,5.3125,1.45363,1.89716,1.30512
0.665285,5.3375,1.45363,1.89716,1.30512
0.665285,5.3625,1.45362,1.89715,1.30512
0.665285,5.3875,1.45362,1.89714,1.30511
0.665285,5.4125,1.45362,1.89713,1.30511
0.665285,5.4375,1.45362,1.89712,1.3051
0.665285,5.4625,1.45362,1.89711,1.3051
0.665285,5.4875,1.45361,1.8971,1.30509
0.665285,5.5125,1.45361,1.89709,1.30509
0.665285,5.5375,1.45361,1.89708,1.30509
0.665285,5.5625,1.45361,1.89708,1.30508
0.665285,5.5875,1.4536,1.89707,1.30508
0.665285,5.6125,1.4536,1.89706,1.30507
0.665285,5.6375,1.4536,1.89705,1.30507
0.665285,5.6625,1.4536,1.89704,1.30506
0.665285,5.6875,1.4536,1.89703,1.30506
0.665285,5.7125,1.45359,1.89701,1.30505
0.665285,5.7375,1.45359,1.897,1.30505
0.665285,5.7625,1.45359,1.89699,1.30504
0.665285,5.7875,1.45359,1.89698,1.30504
0.665285,5.8125,1.45358,1.89697,1.30503
0.665285,5.8375,1.45358,1.89696,1.30502
0.665285,5.8625,1.45358,1.89695,1.30502
0.665285,5.8875,1.45358,1.89694,1.30501
0.665285,5.9125,1.45357,1.89692,1.30501
0.665285,5.9375,1.45357,1.89691,1.305
0.665285,5.9625,1.45357,1.8969,1.30499
0.665285,5.9875,1.45357,1.89689,1.30499
0.665285,6.0125,1.45356,1.89687,1.30498
0.665285,6.0375,1.45356,1.89686,1.30498
0.665285,6.0625,1.45356,1.89685,1.30497
0.665285,6.0875,1.45355,1.89683,1.30496
0.665285,6.1125,1.45355,1.89682,1.30495
0.665285,6.1375,1.45355,1.8968,1.30495
0.665285,6.1625,1.45354,1.89679,1.30494
0.665285,6.1875,1.45354,1.89677,1.30493
0.665285,6.2125,1.45354,1.89676,1.30492
0.665285,6.2375,1.45353,1.89674,1.30492
0.665285,6.2625,1.45353,1.89673,1.30491
0.665285,6.2875,1.45353,1.89671,1.3049
0.665285,6.3125,1.45352,1.89669,1.30489
0.665285,6.3375,1.45352,1.89668,1.30488
0.665285,6.3625,1.45352,1.89666,1.30488
0.665285,6.3875,1.45351,1.89664,1.30487
0.665285,6.4125,1.45351,1.89662,1.30486
0.665285,6.4375,1.45351,1.8966,1.30485
0.665285,6.4625,1.4535,1.89658,1.30484
0.665285,6.4875,1.4535,1.89656,1.30483
0.665285,6.5125,1.45349,1.89654,1.30482
0.665285,6.5375,1.45349,1.89652,1.30481
0.665285,6.5625,1.45348,1.8965,1.3048
0.665285,6.5875,1.45348,1.89648,1.30479
0.665285,6.6125,1.45348,1.89646,1.30477
0.665285,6.6375,1.45347,1.89643,1.30476
0.665285,6.6625,1.45347,1.89641,1.30475
0.665285,6.6875,1.45346,1.89639,1.30474
0.665285,6.7125,1.45346,1.89636,1.30473
0.665285,6.7375,1.45345,1.89634,1.30471
0.665285,6.7625,1.45345,1.89631,1.3047
0.665285,6.7875,1.45344,1.89628,1.30469
0.665285,6.8125,1.45343,1.89626,1.30467
0.665285,6.8375,1.45343,1.89623,1.30466
0.665285,6.8625,1.45342,1.8962,1.30464
0.665285,6.8875,1.45342,1.89617,1.30463
0.665285,6.9125,1.45341,1.89614,1.30461
0.665285,6.9375,1.4534,1.8961,1.3046
0.665285,6.9625,1.4534,1.89607,1.30458
0.665285,6.9875,1.45339,1.89604,1.30456
0.665285,7.0125,1.45338,1.896,1.30454
0.665285,7.0375,1.45338,1.89597,1.30453
0.665285,7.0625,1.45337,1.89593,1.3045
0.665285,7.0875,1.45336,1.89588,1.30448
0.665285,7.1125,1.45338,1.89578,1.3044
0.665285,7.1375,1.45351,1.89539,1.30401
0.665285,7.1625,1.45438,1.89317,1.3017
0.665285,7.1875,1.45943,1.88052,1.28853
0.665285,7.2125,1.48433,1.81627,1.22363
0.665285,7.2375,1.57047,1.57224,1.00112
0.665285,7.2625,1.72782,1.05673,0.611594
0.665285,7.2875,1.8719,0.510574,0.272757
0.665285,7.3125,1.95175,0.178819,0.09162
0.665285,7.3375,1.98183,0.047842,0.0241403
0.665285,7.3625,1.99007,0.0114916,0.00577447
0.665285,7.3875,1.99182,0.00344219,0.00172816
0.665285,7.4125,1.99214,0.00165108,0.000828796
0.665285,7.4375,1.99223,0.00106607,0.000535112
0.665285,7.4625,1.99223,0.000598035,0.000300183
0.665285,7.4875,1.99225,0.000205898,0.000103349
0.665285,7.5125,1.99225,-0.000205898,-0.000103349
0.665285,7.5375,1.99223,-0.000598035,-0.000300183
0.665285,7.5625,1.99223,-0.00106607,-0.000535112
0.665285,7.5875,1.99214,-0.00165108,-0.000828796
0.665285,7.6125,1.99182,-0.00344219,-0.00172816
0.665285,7.6375,1.99007,-0.0114916,-0.00577447
0.665285,7.6625,1.98183,-0.047842,-0.0241403
0.665285,7.6875,1.95175,-0.178819,-0.09162
0.665285,7.7125,1.8719,-0.510574,-0.272757
0.665285,7.7375,1.72782,-1.05673,-0.611594
0.665285,7.7625,1.57047,-1.57224,-1.00112
0.665285,7.7875,1.48433,-1.81627,-1.22363
0.665285,7.8125,1.45943,-1.88052,-1.28853
0.665285,7.8375,1.45438,-1.89317,-1.3017
0.665285,7.8625,1.45351,-1.89539,-1.30401
0.665285,7.8875,1.45338,-1.89578,-1.3044
0.665285,7.9125,1.45336,-1.89588,-1.30448
0.665285,7.9375,1.45337,-1.89593,-1.3045
0.665285,7.9625,1.45338,-1.89597,-1.30453
0.665285,7.9875,1.45338,-1.896,-1.30454
0.665285,8.0125,1.45339,-1.89604,-1.30456
0.665285,8.0375,1.4534,-1.89607,-1.30458
0.665285,8.0625,1.4534,-1.8961,-1.3046
0.665285,8.0875,1.45341,-1.89614,-1.30461
0.665285,8.1125,1.45342,-1.89617,-1.30463
0.665285,8.1375,1.45342,-1.8962,-1.30464
0.665285,8.1625,1.45343,-1.89623,-1.30466
0.665285,8.1875,1.45343,-1.89626,-1.30467
0.665285,8.2125,1.45344,-1.89628,-1.30469
0.665285,8.2375,1.45345,-1.89631,-1.3047
0.665285,8.2625,1.45345,-1.89634,-1.30471
0.665285,8.2875,1.45346,-1.89636,-1.30473
0.665285,8.3125,1.45346,-1.89639,-1.30474
0.665285,8.3375,1.45347,-1.89641,-1.30475
0.665285,8.3625,1.45347,-1.89643,-1.30476
0.665285,8.3875,1.45348,-1.89646,-1.30477
0.665285,8.4125,1.45348,-1.89648,-1.30479
0.665285,8.4375,1.45348,-1.8965,-1.3048
0.665285,8.4625,1.45349,-1.89652,-1.30481
0.665285,8.4875,1.45349,-1.89654,-1.30482
0.665285,8.5125,1.4535,-1.89656,-1.30483
0.665285,8.5375,1.4535,-1.89658,-1.30484
0.665285,8.5625,1.45351,-1.8966,-1.30485
0.665285,8.5875,1.45351,-1.89662,-1.30486
0.665285,8.6125,1.45351,-1.89664,-1.30487
0.665285,8.6375,1.45352,-1.89666,-1.30488
0.665285,8.6625,1.45352,-1.89668,-1.30488
0.665285,8.6875,1.45352,-1.89669,-1.30489
0.665285,8.7125,1.45353,-1.89671,-1.3049
0.665285,8.7375,1.45353,-1.89673,-1.30491
0.665285,8.7625,1.45353,-1.89674,-1.30492
0.665285,8.7875,1.45354,-1.89676,-1.30492
0.665285,8.8125,1.45354,-1.89677,-1.30493
0.665285,8.8375,1.45354,-1.89679,-1.30494
0.665285,8.8625,1.45355,-1.8968,-1.30495
0.665285,8.8875,1.45355,-1.89682,-1.30495
0.665285,8.9125,1.45355,-1.89683,-1.30496
0.665285,8.9375,1.45356,-1.89685,-1.30497
0.665285,8.9625,1.45356,-1.89686,-1.30498
0.665285,8.9875,1.45356,-1.89687,-1.30498
0.665285,9.0125,1.45357,-1.89689,-1.30499
0.665285,9.0375,1.45357,-1.8969,-1.30499
0.665285,9.0625,1.45357,-1.89691,-1.305
0.665285,9.0875,1.45357,-1.89692,-1.30501
0.665285,9.1125,1.45358,-1.89694,-1.30501
0.665285,9.1375,1.45358,-1.89695,-1.30502
0.665285,9.1625,1.45358,-1.89696,-1.30502
0.665285,9.1875,1.45358,-1.89697,-1.30503
0.665285,9.2125,1.45359,-1.89698,-1.30504
0.665285,9.2375,1.45359,-1.89699,-1.30504
0.665285,9.2625,1.45359,-1.897,-1.30505
0.665285,9.2875,1.45359,-1.89701,-1.30505
0.665285,9.3125,1.4536,-1.89703,-1.30506
0.665285,9.3375,1.4536,-1.89704,-1.30506
0.665285,9.3625,1.4536,-1.89705,-1.30507
0.665285,9.3875,1.4536,-1.89706,-1.30507
0.665285,9.4125,1.4536,-1.89707,-1.30508
0.665285,9.4375,1.45361,-1.89708,-1.30508
0.665285,9.4625,1.45361,-1.89708,-1.30509
0.665285,9.4875,1.45361,-1.89709,-1.30509
0.665285,9.5125,1.45361,-1.8971,-1.30509
0.665285,9.5375,1.45362,-1.89711,-1.3051
0.665285,9.5625,1.45362,-1.89712,-1.3051
0.665285,9.5875,1.45362,-1.89713,-1.30511
0.665285,9.6125,1.45362,-1.89714,-1.30511
0.665285,9.6375,1.45362,-1.89715,-1.30512
0.665285,9.6625,1.45363,-1.89716,-1.30512
0.665285,9.6875,1.45363,-1.89716,-1.30512
0.665285,9.7125,1.45363,-1.89717,-1.30513
0.665285,9.7375,1.45363,-1.89718,-1.30513
0.665285,9.7625,1.45363,-1.89719,-1.30514
0.665285,9.7875,1.45363,-1.8972,-1.30514
0.665285,9.8125,1.45364,-1.8972,-1.30514
0.665285,9.8375,1.45364,-1.89721,-1.30515
0.665285,9.8625,1.45364,-1.89722,-1.30515
0.665285,9.8875,1.45364,-1.89723,-1.30516
0.665285,9.9125,1.45364,-1.89723,-1.30516
0.665285,9.9375,1.45364,-1.89724,-1.30516
0.665285,9.9625,1.45364,-1.89725,-1.30517
0.665285,9.9875,1.45365,-1.89726,-1.30517
0.886663,0.0125,1.45369,-1.89752,-1.30531
0.886663,0.0375,1.4537,-1.89752,-1.30531
0.886663,0.0625,1.4537,-1.89753,-1.30531
0.886663,0.0875,1.4537,-1.89753,-1.30531
0.886663,0.1125,1.4537,-1.89753,-1.30531
0.886663,0.1375,1.4537,-1.89754,-1.30532
0.886663,0.1625,1.4537,-1.89754,-1.30532
0.886663,0.1875,1.4537,-1.89754,-1.30532
0.886663,0.2125,1.4537,-1.89755,-1.30532
0.886663,0.2375,1.4537,-1.89755,-1.30532
0.886663,0.2625,1.4537,-1.89756,-1.30532
0.886663,0.2875,1.4537,-1.89756,-1.30533
0.886663,0.3125,1.45371,-1.89756,-1.30533
0.886663,0.3375,1.45371,-1.89756,-1.30533
0.886663,0.3625,1.45371,-1.89756,-1.30533
0.886663,0.3875,1.4537,-1.89755,-1.30532
0.886663,0.4125,1.4537,-1.89752,-1.3053
0.886663,0.4375,1.45368,-1.89744,-1.30527
0.886663,0.4625,1.45365,-1.8973,-1.30519
0.886663,0.4875,1.4536,-1.89701,-1.30505
0.886663,0.5125,1.4535,-1.8965,-1.30479
0.886663,0.5375,1.45333,-1.89563,-1.30434
0.886663,0.5625,1.45305,-1.89424,-1.30363
0.886663,0.5875,1.45263,-1.8921,-1.30253
0.886663,0.6125,1.45201,-1.88898,-1.30094
0.886663,0.6375,1.45116,-1.88464,-1.29871
0.886663,0.6625,1.45002,-1.87885,-1.29574
0.886663,0.6875,1.44855,-1.87142,-1.29193
0.886663,0.7125,1.44673,-1.86222,-1.2872
0.886663,0.7375,1.44455,-1.8512,-1.28151
0.886663,0.7625,1.44199,-1.83834,-1.27486
0.886663,0.7875,1.43908,-1.82371,-1.26727
0.886663,0.8125,1.43583,-1.80741,-1.25879
0.886663,0.8375,1.43227,-1.78956,-1.24946
0.886663,0.8625,1.42841,-1.77032,-1.23936
0.886663,0.8875,1.42429,-1.74983,-1.22857
0.886663,0.9125,1.41993,-1.72825,-1.21714
0.886663,0.9375,1.41537,-1.70573,-1.20515
0.886663,0.9625,1.41063,-1.68238,-1.19265
0.886663,0.9875,1.40572,-1.65835,-1.17971
0.886663,1.0125,1.40067,-1.63372,-1.16639
0.886663,1.0375,1.39551,-1.60861,-1.15271
0.886663,1.0625,1.39023,-1.5831,-1.13873
0.886663,1.0875,1.38487,-1.55726,-1.12449
0.886663,1.1125,1.37942,-1.53116,-1.11
0.886663,1.1375,1.37391,-1.50486,-1.09531
0.886663,1.1625,1.36834,-1.47841,-1.08044
0.886663,1.1875,1.36273,-1.45186,-1.06541
0.886663,1.2125,1.35707,-1.42524,-1.05023
0.886663,1.2375,1.35137,-1.39858,-1.03493
0.886663,1.2625,1.34564,-1.37192,-1.01953
0.886663,1.2875,1.33989,-1.34528,-1.00402
0.886663,1.3125,1.33412,-1.31869,-0.98843
0.886663,1.3375,1.32834,-1.29216,-0.972766
0.886663,1.3625,1.32254,-1.26572,-0.957037
0.886663,1.3875,1.31673,-1.23937,-0.941252
0.886663,1.4125,1.31091,-1.21314,-0.925418
0.886663,1.4375,1.30509,-1.18704,-0.909542
0.886663,1.4625,1.29927,-1.16107,-0.893629
0.886663,1.4875,1.29345,-1.13524,-0.877686
0.886663,1.5125,1.28763,-1.10957,-0.861715
0.886663,1.5375,1.28181,-1.08405,-0.845719
0.886663,1.5625,1.276,-1.0587,-0.829702
0.886663,1.5875,1.2702,-1.03351,-0.813661
0.886663,1.6125,1.26442,-1.00849,-0.797594
0.886663,1.6375,1.25865,-0.983626,-0.781494
0.886663,1.6625,1.2529,-0.958912,-0.765351
0.886663,1.6875,1.24719,-0.934332,-0.749148
0.886663,1.7125,1.24152,-0.909865,-0.732862
0.886663,1.7375,1.23591,-0.885482,-0.716464
0.886663,1.7625,1.23036,-0.861148,-0.699916
0.886663,1.7875,1.2249,-0.836816,-0.683172
0.886663,1.8125,1.21954,-0.812434,-0.66618
0.886663,1.8375,1.21431,-0.787945,-0.648881
0.886663,1.8625,1.20923,-0.763285,-0.631213
0.886663,1.8875,1.20433,-0.738388,-0.613112
0.886663,1.9125,1.19962,-0.713193,-0.594517
0.886663,1.9375,1.19512,-0.687637,-0.57537
0.886663,1.9625,1.19086,-0.661668,-0.555624
0.886663,1.9875,1.18684,-0.635241,-0.535238
0.886663,2.0125,1.18308,-0.608321,-0.514186
0.886663,2.0375,1.17957,-0.580885,-0.492453
0.886663,2.0625,1.17633,-0.55292,-0.470036
0.886663,2.0875,1.17336,-0.524424,-0.446943
0.886663,2.1125,1.17063,-0.495405,-0.423194
0.886663,2.1375,1.16816,-0.465878,-0.398815
0.886663,2.1625,1.16592,-0.435867,-0.373841
0.886663,2.1875,1.1639,-0.405399,-0.34831
0.886663,2.2125,1.1621,-0.374505,-0.322266
0.886663,2.2375,1.1605,-0.34322,-0.295752
0.886663,2.2625,1.15909,-0.311578,-0.268813
0.886663,2.2875,1.15785,-0.279616,-0.241496
0.886663,2.3125,1.15678,-0.247371,-0.213844
0.886663,2.3375,1.15587,-0.214878,-0.185901
0.886663,2.3625,1.15511,-0.182173,-0.157711
0.886663,2.3875,1.15448,-0.149289,-0.129313
0.886663,2.4125,1.15399,-0.116262,-0.100748
0.886663,2.4375,1.15362,-0.0831231,-0.0720541
0.886663,2.4625,1.15338,-0.0499053,-0.0432688
0.886663,2.4875,1.15326,-0.0166403,-0.014429
0.886663,2.5125,1.15326,0.0166403,0.014429
0.886663,2.5375,1.15338,0.0499053,0.0432688
0.886663,2.5625,1.15362,0.0831231,0.0720541
0.886663,2.5875,1.15399,0.116262,0.100748
0.886663,2.6125,1.15448,0.149289,0.129313
0.886663,2.6375,1.15511,0.182173,0.157711
0.886663,2.6625,1.15587,0.214878,0.185901
0.886663,2.6875,1.15678,0.247371,0.213844
0.886663,2.7125,1.15785,0.279616,0.241496
0.886663,2.7375,1.15909,0.311578,0.268813
0.886663,2.7625,1.1605,0.34322,0.295752
0.886663,2.7875,1.1621,0.374505,0.322266
0.886663,2.8125,1.1639,0.405399,0.34831
0.886663,2.8375,1.16592,0.435867,0.373841
0.886663,2.8625,1.16816,0.465878,0.398815
0.886663,2.8875,1.17063,0.495405,0.423194
0.886663,2.9125,1.17336,0.524424,0.446943
0.886663,2.9375,1.17633,0.55292,0.470036
0.886663,2.9625,1.17957,0.580885,0.492453
0.886663,2.9875,1.18308,0.608321,0.514186
0.886663,3.0125,1.18684,0.635241,0.535238
0.886663,3.0375,1.19086,0.661668,0.555624
0.886663,3.0625,1.19512,0.687637,0.57537
0.886663,3.0875,1.19962,0.713193,0.594517
0.886663,3.1125,1.20433,0.738388,0.613112
0.886663,3.1375,1.20923,0.763285,0.631213
0.886663,3.1625,1.21431,0.787945,0.648881
0.886663,3.1875,1.21954,0.812434,0.66618
0.886663,3.2125,1.2249,0.836816,0.683172
0.886663,3.2375,1.23036,0.861148,0.699916
0.886663,3.2625,1.23591,0.885482,0.716464
0.886663,3.2875,1.24152,0.909865,0.732862
0.886663,3.3125,1.24719,0.934332,0.749148
0.886663,3.3375,1.2529,0.958912,0.765351
0.886663,3.3625,1.25865,0.983626,0.781494
0.886663,3.3875,1.26442,1.00849,0.797594
0.886663,3.4125,1.2702,1.03351,0.813661
0.886663,3.4375,1.276,1.0587,0.829702
0.886663,3.4625,1.28181,1.08405,0.845719
0.886663,3.4875,1.28763,1.10957,0.861715
0.886663,3.5125,1.29345,1.13524,0.877686
0.886663,3.5375,1.29927,1.16107,0.893629
0.886663,3.5625,1.30509,1.18704,0.909542
0.886663,3.5875,1.31091,1.21314,0.925418
0.886663,3.6125,1.31673,1.23937,0.941252
0.886663,3.6375,1.32254,1.26572,0.957037
0.886663,3.6625,1.32834,1.29216,0.972766
0.886663,3.6875,1.33412,1.31869,0.98843
0.886663,3.7125,1.33989,1.34528,1.00402
0.886663,3.7375,1.34564,1.37192,1.01953
0.886663,3.7625,1.35137,1.39858,1.03493
0.886663,3.7875,1.35707,1.42524,1.05023
0.886663,3.8125,1.36273,1.45186,1.06541
0.886663,3.8375,1.36834,1.47841,1.08044
0.886663,3.8625,1.37391,1.50486,1.09531
0.886663,3.8875,1.37942,1.53116,1.11
0.886663,3.9125,1.38487,1.55726,1.12449
0.886663,3.9375,1.39023,1.5831,1.13873
0.886663,3.9625,1.39551,1.60861,1.15271
0.886663,3.9875,1.40067,1.63372,1.16639
0.886663,4.0125,1.40572,1.65835,1.17971
0.886663,4.0375,1.41063,1.68238,1.19265
0.886663,4.0625,1.41537,1.70573,1.20515
0.886663,4.0875,1.41993,1.72825,1.21714
0.886663,4.1125,1.42429,1.74983,1.22857
0.886663,4.1375,1.42841,1.77032,1.23936
0.886663,4.1625,1.43227,1.78956,1.24946
0.886663,4.1875,1.43583,1.80741,1.25879
0.886663,4.2125,1.43908,1.82371,1.26727
0.886663,4.2375,1.44199,1.83834,1.27486
0.886663,4.2625,1.44455,1.8512,1.28151
0.886663,4.2875,1.44673,1.86222,1.2872
0.886663,4.3125,1.44855,1.87142,1.29193
0.886663,4.3375,1.45002,1.87885,1.29574
0.886663,4.3625,1.45116,1.88464,1.29871
0.886663,4.3875,1.45201,1.88898,1.30094
0.886663,4.4125,1.45263,1.8921,1.30253
0.886663,4.4375,1.45305,1.89424,1.30363
0.886663,4.4625,1.45333,1.89563,1.30434
0.886663,4.4875,1.4535,1.8965,1.30479
0.886663,4.5125,1.4536,1.89701,1.30505
0.886663,4.5375,1.45365,1.8973,1.30519
0.886663,4.5625,1.45368,1.89744,1.30527
0.886663,4.5875,1.4537,1.89752,1.3053
0.886663,4.6125,1.4537,1.89755,1.30532
0.886663,4.6375,1.45371,1.89756,1.30533
0.886663,4.6625,1.45371,1.89756,1.30533
0.886663,4.6875,1.45371,1.89756,1.30533
0.886663,4.7125,1.4537,1.89756,1.30533
0.886663,4.7375,1.4537,1.89756,1.30532
0.886663,4.7625,1.4537,1.89755,1.30532
0.886663,4.7875,1.4537,1.89755,1.30532
0.886663,4.8125,1.4537,1.89754,1.30532
0.886663,4.8375,1.4537,1.89754,1.30532
0.886663,4.8625,1.4537,1.89754,1.30532
0.886663,4.8875,1.4537,1.89753,1.30531
0.886663,4.9125,1.4537,1.89753,1.30531
0.886663,4.9375,1.4537,1.89753,1.30531
0.886663,4.9625,1.4537,1.89752,1.30531
0.886663,4.9875,1.45369,1.89752,1.30531
0.886663,5.0125,1.45369,1.89751,1.30531
0.886663,5.0375,1.45369,1.89751,1.3053
0.886663,5.0625,1.45369,1.89751,1.3053
0.886663,5.0875,1.45369,1.8975,1.3053
0.886663,5.1125,1.45369,1.8975,1.3053
0.886663,5.1375,1.45369,1.89749,1.3053
0.886663,5.1625,1.45369,1.89749,1.30529
0.886663,5.1875,1.45369,1.89749,1.30529
0.886663,5.2125,1.45369,1.89748,1.30529
0.886663,5.2375,1.45368,1.89748,1.30529
0.886663,5.2625,1.45368,1.89747,1.30529
0.886663,5.2875,1.45368,1.89747,1.30529
0.886663,5.3125,1.45368,1.89746,1.30528
0.886663,5.3375,1.45368,1.89746,1.30528
0.886663,5.3625,1.45368,1.89746,1.30528
0.886663,5.3875,1.45368,1.89745,1.30528
0.886663,5.4125,1.45368,1.89745,1.30527
0.886663,5.4375,1.45367,1.89744,1.30527
0.886663,5.4625,1.45367,1.89744,1.30527
0.886663,5.4875,1.45367,1.89743,1.30527
0.886663,5.5125,1.45367,1.89743,1.30527
0.886663,5.5375,1.45367,1.89742,1.30526
0.886663,5.5625,1.45367,1.89742,1.30526
0.886663,5.5875,1.45367,1.89741,1.30526
0.886663,5.6125,1.45367,1.89741,1.30526
0.886663,5.6375,1.45366,1.8974,1.30525
0.886663,5.6625,1.45366,1.8974,1.30525
0.886663,5.6875,1.45366,1.89739,1.30525
0.886663,5.7125,1.45366,1.89739,1.30525
0.886663,5.7375,1.45366,1.89738,1.30524
0.886663,5.7625,1.45366,1.89737,1.30524
0.886663,5.7875,1.45366,1.89737,1.30524
0.886663,5.8125,1.45366,1.89736,1.30524
0.886663,5.8375,1.45365,1.89736,1.30523
0.886663,5.8625,1.45365,1.89735,1.30523
0.886663,5.8875,1.45365,1.89735,1.30523
0.886663,5.9125,1.45365,1.89734,1.30522
0.886663,5.9375,1.45365,1.89733,1.30522
0.886663,5.9625,1.45365,1.89733,1.30522
0.886663,5.9875,1.45365,1.89732,1.30521
0.886663,6.0125,1.45364,1.89731,1.30521
0.886663,6.0375,1.45364,1.89731,1.30521
0.886663,6.0625,1.45364,1.8973,1.30521
0.886663,6.0875,1.45364,1.89729,1.3052
0.886663,6.1125,1.45364,1.89729,1.3052
0.886663,6.1375,1.45364,1.89728,1.3052
0.886663,6.1625,1.45364,1.89727,1.30519
0.886663,6.1875,1.45363,1.89727,1.30519
0.886663,6.2125,1.45363,1.89726,1.30518
0.886663,6.2375,1.45363,1.89725,1.30518
0.886663,6.2625,1.45363,1.89724,1.30518
0.886663,6.2875,1.45363,1.89723,1.30516
0.886663,6.3125,1.45365,1.89718,1.30512
0.886663,6.3375,1.45372,1.89699,1.30492
0.886663,6.3625,1.45408,1.89609,1.30398
0.886663,6.3875,1.45575,1.89192,1.29962
0.886663,6.4125,1.46338,1.87279,1.27977
0.886663,6.4375,1.4946,1.79138,1.19856
0.886663,6.4625,1.58733,1.52446,0.960394
0.886663,6.4875,1.74047,1.01572,0.583589
0.886663,6.5125,1.87594,0.49901,0.266005
0.886663,6.5375,1.9516,0.184469,0.0945217
0.886663,6.5625,1.98139,0.0552228,0.0278707
0.886663,6.5875,1.99034,0.0159069,0.00799202
0.886663,6.6125,1.99259,0.00597259,0.00299739
0.886663,6.6375,1.99312,0.0035649,0.0017886
0.886663,6.6625,1.99327,0.00296167,0.00148584
0.886663,6.6875,1.99331,0.00268922,0.00134912
0.886663,6.7125,1.99334,0.00253526,0.00127186
0.886663,6.7375,1.99337,0.00240275,0.00120537
0.886663,6.7625,1.99339,0.00226699,0.00113725
0.886663,6.7875,1.99341,0.00215681,0.00108197
0.886663,6.8125,1.99343,0.00203734,0.00102203
0.886663,6.8375,1.99345,0.00193061,0.000968478
0.886663,6.8625,1.99347,0.00182826,0.000917124
0.886663,6.8875,1.99348,0.0017262,0.00086592
0.886663,6.9125,1.9935,0.00163337,0.000819349
0.886663,6.9375,1.99351,0.00154015,0.000772582
0.886663,6.9625,1.99353,0.00145223,0.000728475
0.886663,6.9875,1.99354,0.00136747,0.000685949
0.886663,7.0125,1.99355,0.00128436,0.000644259
0.886663,7.0375,1.99356,0.00120535,0.000604623
0.886663,7.0625,1.99357,0.00112766,0.000565649
0.886663,7.0875,1.99358,0.00105268,0.000528033
0.886663,7.1125,1.99359,0.000979774,0.000491463
0.886663,7.1375,1.99359,0.000908381,0.00045565
0.886663,7.1625,1.9936,0.000839089,0.000420891
0.886663,7.1875,1.99361,0.000771045,0.000386759
0.886663,7.2125,1.99361,0.000704519,0.000353388
0.886663,7.2375,1.99362,0.000639276,0.000320661
0.886663,7.2625,1.99362,0.000575056,0.000288448
0.886663,7.2875,1.99363,0.000511954,0.000256795
0.886663,7.3125,1.99363,0.000449659,0.000225548
0.886663,7.3375,1.99363,0.000388167,0.000194703
0.886663,7.3625,1.99364,0.00032735,0.000164197
0.886663,7.3875,1.99364,0.000267059,0.000133955
0.886663,7.4125,1.99364,0.000207257,0.000103959
0.886663,7.4375,1.99364,0.000147784,7.41277e-05
0.886663,7.4625,1.99364,8.85681e-05,4.44253e-05
0.886663,7.4875,1.99364,2.95117e-05,1.48029e-05
0.886663,7.5125,1.99364,-2.95117e-05,-1.48029e-05
0.886663,7.5375,1.99364,-8.85681e-05,-4.44253e-05
0.886663,7.5625,1.99364,-0.000147784,-7.41277e-05
0.886663,7.5875,1.99364,-0.000207257,-0.000103959
0.886663,7.6125,1.99364,-0.000267059,-0.000133955
0.886663,7.6375,1.99364,-0.00032735,-0.000164197
0.886663,7.6625,1.99363,-0.000388167,-0.000194703
0.886663,7.6875,1.99363,-0.000449659,-0.000225548
0.886663,7.7125,1.99363,-0.000511954,-0.000256795
0.886663,7.7375,1.99362,-0.000575056,-0.000288448
0.886663,7.7625,1.99362,-0.000639276,-0.000320661
0.886663,7.7875,1.99361,-0.000704519,-0.000353388
0.886663,7.8125,1.99361,-0.000771045,-0.000386759
0.886663,7.8375,1.9936,-0.000839089,-0.000420891
0.886663,7.8625,1.99359,-0.000908381,-0.00045565
0.886663,7.8875,1.99359,-0.000979774,-0.000491463
0.886663,7.9125,1.99358,-0.00105268,-0.000528033
0.886663,7.9375,1.99357,-0.00112766,-0.000565649
0.886663,7.9625,1.99356,-0.00120535,-0.000604623
0.886663,7.9875,1.99355,-0.00128436,-0.000644259
0.886663,8.0125,1.99354,-0.00136747,-0.000685949
0.886663,8.0375,1.99353,-0.00145223,-0.000728475
0.886663,8.0625,1.99351,-0.00154015,-0.000772582
0.886663,8.0875,1.9935,-0.00163337,-0.000819349
0.886663,8.1125,1.99348,-0.0017262,-0.00086592
0.886663,8.1375,1.99347,-0.00182826,-0.000917124
0.886663,8.1625,1.99345,-0.00193061,-0.000968478
0.886663,8.1875,1.99343,-0.00203734,-0.00102203
0.886663,8.2125,1.99341,-0.00215681,-0.00108197
0.886663,8.2375,1.99339,-0.00226699,-0.00113725
0.886663,8.2625,1.99337,-0.00240275,-0.00120537
0.886663,8.2875,1.99334,-0.00253526,-0.00127186
0.886663,8.3125,1.99331,-0.00268922,-0.00134912
0.886663,8.3375,1.99327,-0.00296167,-0.00148584
0.886663,8.3625,1.99312,-0.0035649,-0.0017886
0.886663,8.3875,1.99259,-0.00597259,-0.00299739
0.886663,8.4125,1.99034,-0.0159069,-0.00799202
0.886663,8.4375,1.98139,-0.0552228,-0.0278707
0.886663,8.4625,1.9516,-0.184469,-0.0945217
0.886663,8.4875,1.87594,-0.49901,-0.266005
0.886663,8.5125,1.74047,-1.01572,-0.583589
0.886663,8.5375,1.58733,-1.52446,-0.960394
0.886663,8.5625,1.4946,-1.79138,-1.19856
0.886663,8.5875,1.46338,-1.87279,-1.27977
0.886663,8.6125,1.45575,-1.89192,-1.29962
0.886663,8.6375,1.45408,-1.89609,-1.30398
0.886663,8.6625,1.45372,-1.89699,-1.30492
0.886663,8.6875,1.45365,-1.89718,-1.30512
0.886663,8.7125,1.45363,-1.89723,-1.30516
0.886663,8.7375,1.45363,-1.89724,-1.30518
0.886663,8.7625,1.45363,-1.89725,-1.30518
0.886663,8.7875,1.45363,-1.89726,-1.30518
0.886663,8.8125,1.45363,-1.89727,-1.30519
0.886663,8.8375,1.45364,-1.89727,-1.30519
0.886663,8.8625,1.45364,-1.89728,-1.3052
0.886663,8.8875,1.45364,-1.89729,-1.3052
0.886663,8.9125,1.45364,-1.89729,-1.3052
0.886663,8.9375,1.45364,-1.8973,-1.30521
0.886663,8.9625,1.45364,-1.89731,-1.30521
0.886663,8.9875,1.45364,-1.89731,-1.30521
0.886663,9.0125,1.45365,-1.89732,-1.30521
0.886663,9.0375,1.45365,-1.89733,-1.30522
0.886663,9.0625,1.45365,-1.89733,-1.30522
0.886663,9.0875,1.45365,-1.89734,-1.30522
0.886663,9.1125,1.45365,-1.89735,-1.30523
0.886663,9.1375,1.45365,-1.89735,-1.30523
0.886663,9.1625,1.45365,-1.89736,-1.30523
0.886663,9.1875,1.45366,-1.89736,-1.30524
0.886663,9.2125,1.45366,-1.89737,-1.30524
0.886663,9.2375,1.45366,-1.89737,-1.30524
0.886663,9.2625,1.45366,-1.89738,-1.30524
0.886663,9.2875,1.45366,-1.89739,-1.30525
0.886663,9.3125,1.45366,-1.89739,-1.30525
0.886663,9.3375,1.45366,-1.8974,-1.30525
0.886663,9.3625,1.45366,-1.8974,-1.30525
0.886663,9.3875,1.45367,-1.89741,-1.30526
0.886663,9.4125,1.45367,-1.89741,-1.30526
0.886663,9.4375,1.45367,-1.89742,-1.30526
0.886663,9.4625,1.45367,-1.89742,-1.30526
0.886663,9.4875,1.45367,-1.89743,-1.30527
0.886663,9.5125,1.45367,-1.89743,-1.30527
0.886663,9.5375,1.45367,-1.89744,-1.30527
0.886663,9.5625,1.45367,-1.89744,-1.30527
0.886663,9.5875,1.45368,-1.89745,-1.30527
0.886663,9.6125,1.45368,-1.89745,-1.30528
0.886663,9.6375,1.45368,-1.89746,-1.30528
0.886663,9.6625,1.45368,-1.89746,-1.30528
0.886663,9.6875,1.45368,-1.89746,-1.30528
0.886663,9.7125,1.45368,-1.89747,-1.30529
0.886663,9.7375,1.45368,-1.89747,-1.30529
0.886663,9.7625,1.45368,-1.89748,-1.30529
0.886663,9.7875,1.45369,-1.89748,-1.30529
0.886663,9.8125,1.45369,-1.89749,-1.30529
0.886663,9.8375,1.45369,-1.89749,-1.30529
0.886663,9.8625,1.45369,-1.89749,-1.3053
0.886663,9.8875,1.45369,-1.8975,-1.3053
0.886663,9.9125,1.45369,-1.8975,-1.3053
0.886663,9.9375,1.45369,-1.89751,-1.3053
0.886663,9.9625,1.45369,-1.89751,-1.3053
0.886663,9.9875,1.45369,-1.89751,-1.30531
1,0.0125,1.45239,-1.89089,-1.30192
1,0.0375,1.45172,-1.8875,-1.30018
1,0.0625,1.45082,-1.88295,-1.29785
1,0.0875,1.44966,-1.87705,-1.29482
1,0.1125,1.4482,-1.86968,-1.29104
1,0.1375,1.44644,-1.86075,-1.28644
1,0.1625,1.44435,-1.85024,-1.28101
1,0.1875,1.44196,-1.83815,-1.27476
1,0.2125,1.43925,-1.82455,-1.26771
1,0.2375,1.43626,-1.80954,-1.2599
1,0.2625,1.433,-1.79322,-1.25137
1,0.2875,1.4295,-1.77573,-1.2422
1,0.3125,1.42577,-1.75718,-1.23244
1,0.3375,1.42185,-1.7377,-1.22214
1,0.3625,1.41775,-1.71741,-1.21136
1,0.3875,1.41349,-1.69641,-1.20015
1,0.4125,1.4091,-1.67481,-1.18857
1,0.4375,1.40458,-1.65269,-1.17664
1,0.4625,1.39996,-1.63014,-1.16442
1,0.4875,1.39524,-1.60722,-1.15193
1,0.5125,1.39045,-1.58401,-1.13921
1,0.5375,1.38558,-1.56054,-1.12627
1,0.5625,1.38065,-1.53688,-1.11316
1,0.5875,1.37567,-1.51307,-1.09987
1,0.6125,1.37065,-1.48914,-1.08644
1,0.6375,1.36558,-1.46512,-1.07289
1,0.6625,1.36049,-1.44105,-1.05921
1,0.6875,1.35536,-1.41694,-1.04544
1,0.7125,1.35021,-1.39283,-1.03157
1,0.7375,1.34504,-1.36873,-1.01762
1,0.7625,1.33985,-1.34467,-1.0036
1,0.7875,1.33464,-1.32064,-0.989511
1,0.8125,1.32943,-1.29668,-0.975367
1,0.8375,1.32421,-1.27279,-0.961171
1,0.8625,1.31898,-1.24898,-0.94693
1,0.8875,1.31374,-1.22526,-0.932649
1,0.9125,1.30851,-1.20164,-0.918332
1,0.9375,1.30327,-1.17814,-0.903984
1,0.9625,1.29803,-1.15474,-0.889609
1,0.9875,1.2928,-1.13147,-0.875209
1,1.0125,1.28756,-1.10832,-0.860789
1,1.0375,1.28233,-1.0853,-0.84635
1,1.0625,1.27711,-1.06243,-0.831897
1,1.0875,1.27189,-1.03969,-0.817432
1,1.1125,1.26668,-1.01709,-0.802956
1,1.1375,1.26148,-0.994643,-0.788473
1,1.1625,1.25628,-0.972345,-0.773984
1,1.1875,1.2511,-0.9502,-0.759492
1,1.2125,1.24592,-0.928211,-0.744998
1,1.2375,1.24076,-0.906379,-0.730504
1,1.2625,1.2356,-0.884708,-0.716012
1,1.2875,1.23046,-0.863199,-0.701524
1,1.3125,1.22533,-0.841854,-0.687042
1,1.3375,1.22021,-0.820676,-0.672567
1,1.3625,1.21511,-0.799665,-0.6581
1,1.3875,1.21002,-0.778824,-0.643645
1,1.4125,1.20495,-0.758153,-0.629201
1,1.4375,1.19989,-0.737656,-0.614772
1,1.4625,1.19484,-0.717333,-0.600359
1,1.4875,1.18981,-0.697186,-0.585963
1,1.5125,1.1848,-0.677217,-0.571587
1,1.5375,1.17981,-0.657427,-0.557233
1,1.5625,1.17483,-0.637818,-0.542903
1,1.5875,1.16987,-0.618392,-0.528598
1,1.6125,1.16493,-0.59915,-0.514322
1,1.6375,1.16001,-0.580095,-0.500076
1,1.6625,1.15511,-0.561228,-0.485864
1,1.6875,1.15024,-0.542552,-0.471688
1,1.7125,1.14538,-0.524069,-0.45755
1,1.7375,1.14055,-0.505781,-0.443454
1,1.7625,1.13574,-0.487691,-0.429403
1,1.7875,1.13096,-0.4698,-0.4154
1,1.8125,1.1262,-0.452111,-0.401446
1,1.8375,1.12148,-0.434624,-0.387546
1,1.8625,1.11678,-0.417341,-0.373699
1,1.8875,1.11212,-0.400261,-0.359907
1,1.9125,1.1075,-0.383383,-0.346169
1,1.9375,1.10292,-0.366701,-0.332482
1,1.9625,1.09839,-0.350211,-0.318841
1,1.9875,1.09391,-0.333902,-0.305237
1,2.0125,1.0895,-0.317761,-0.291657
1,2.0375,1.08516,-0.301769,-0.278086
1,2.0625,1.08091,-0.285904,-0.264502
1,2.0875,1.07677,-0.270141,-0.250882
1,2.1125,1.07273,-0.254447,-0.237195
1,2.1375,1.06884,-0.23879,-0.223411
1,2.1625,1.0651,-0.223133,-0.209495
1,2.1875,1.06153,-0.207438,-0.195415
1,2.2125,1.05815,-0.191671,-0.181137
1,2.2375,1.05499,-0.175798,-0.166635
1,2.2625,1.05206,-0.159791,-0.151884
1,2.2875,1.04938,-0.143628,-0.13687
1,2.3125,1.04696,-0.127294,-0.121585
1,2.3375,1.04481,-0.110782,-0.106031
1,2.3625,1.04296,-0.0940953,-0.0902196
1,2.3875,1.0414,-0.0772433,-0.0741726
1,2.4125,1.04014,-0.0602445,-0.0579193
1,2.4375,1.0392,-0.0431238,-0.0414971
1,2.4625,1.03857,-0.0259119,-0.0249497
1,2.4875,1.03825,-0.00864368,-0.00832524
1,2.5125,1.03825,0.00864368,0.00832524
1,2.5375,1.03857,0.0259119,0.0249497
1,2.5625,1.0392,0.0431238,0.0414971
1,2.5875,1.04014,0.0602445,0.0579193
1,2.6125,1.0414,0.0772433,0.0741726
1,2.6375,1.04296,0.0940953,0.0902196
1,2.6625,1.04481,0.110782,0.106031
1,2.6875,1.04696,0.127294,0.121585
1,2.7125,1.04938,0.143628,0.13687
1,2.7375,1.05206,0.159791,0.151884
1,2.7625,1.05499,0.175798,0.166635
1,2.7875,1.05815,0.191671,0.181137
1,2.8125,1.06153,0.207438,0.195415
1,2.8375,1.0651,0.223133,0.209495
1,2.8625,1.06884,0.23879,0.223411
1,2.8875,1.07273,0.254447,0.237195
1,2.9125,1.07677,0.270141,0.250882
1,2.9375,1.08091,0.285904,0.264502
1,2.9625,1.08516,0.301769,0.278086
1,2.9875,1.0895,0.317761,0.291657
1,3.0125,1.09391,0.333902,0.305237
1,3.0375,1.09839,0.350211,0.318841
1,3.0625,1.10292,0.366701,0.332482
1,3.0875,1.1075,0.383383,0.346169
1,3.1125,1.11212,0.400261,0.359907
1,3.1375,1.11678,0.417341,0.373699
1,3.1625,1.12148,0.434624,0.387546
1,3.1875,1.1262,0.452111,0.401446
1,3.2125,1.13096,0.4698,0.4154
1,3.2375,1.13574,0.487691,0.429403
1,3.2625,1.14055,0.505781,0.443454
1,3.2875,1.14538,0.524069,0.45755
1,3.3125,1.15024,0.542552,0.471688
1,3.3375,1.15511,0.561228,0.485864
1,3.3625,1.16001,0.580095,0.500076
1,3.3875,1.16493,0.59915,0.514322
1,3.4125,1.16987,0.618392,0.528598
1,3.4375,1.17483,0.637818,0.542903
1,3.4625,1.17981,0.657427,0.557233
1,3.4875,1.1848,0.677217,0.571587
1,3.5125,1.18981,0.697186,0.585963
1,3.5375,1.19484,0.717333,0.600359
1,3.5625,1.19989,0.737656,0.614772
1,3.5875,1.20495,0.758153,0.629201
1,3.6125,1.21002,0.778824,0.643645
1,3.6375,1.21511,0.799665,0.6581
1,3.6625,1.22021,0.820676,0.672567
1,3.6875,1.22533,0.841854,0.687042
1,3.7125,1.23046,0.863199,0.701524
1,3.7375,1.2356,0.884708,0.716012
1,3.7625,1.24076,0.906379,0.730504
1,3.7875,1.24592,0.928211,0.744998
1,3.8125,1.2511,0.9502,0.759492
1,3.8375,1.25628,0.972345,0.773984
1,3.8625,1.26148,0.994643,0.788473
1,3.8875,1.26668,1.01709,0.802956
1,3.9125,1.27189,1.03969,0.817432
1,3.9375,1.27711,1.06243,0.831897
1,3.9625,1.28233,1.0853,0.84635
1,3.9875,1.28756,1.10832,0.860789
1,4.0125,1.2928,1.13147,0.875209
1,4.0375,1.29803,1.15474,0.889609
1,4.0625,1.30327,1.17814,0.903984
1,4.0875,1.30851,1.20164,0.918332
1,4.1125,1.31374,1.22526,0.932649
1,4.1375,1.31898,1.24898,0.94693
1,4.1625,1.32421,1.27279,0.961171
1,4.1875,1.32943,1.29668,0.975367
1,4.2125,1.33464,1.32064,0.989511
1,4.2375,1.33985,1.34467,1.0036
1,4.2625,1.34504,1.36873,1.01762
1,4.2875,1.35021,1.39283,1.03157
1,4.3125,1.35536,1.41694,1.04544
1,4.3375,1.36049,1.44105,1.05921
1,4.3625,1.36558,1.46512,1.07289
1,4.3875,1.37065,1.48914,1.08644
1,4.4125,1.37567,1.51307,1.09987
1,4.4375,1.38065,1.53688,1.11316
1,4.4625,1.38558,1.56054,1.12627
1,4.4875,1.39045,1.58401,1.13921
1,4.5125,1.39524,1.60722,1.15193
1,4.5375,1.39996,1.63014,1.16442
1,4.5625,1.40458,1.65269,1.17664
1,4.5875,1.4091,1.67481,1.18857
1,4.6125,1.41349,1.69641,1.20015
1,4.6375,1.41775,1.71741,1.21136
1,4.6625,1.42185,1.7377,1.22214
1,4.6875,1.42577,1.75718,1.23244
1,4.7125,1.4295,1.77573,1.2422
1,4.7375,1.433,1.79322,1.25137
1,4.7625,1.43626,1.80954,1.2599
1,4.7875,1.43925,1.82455,1.26771
1,4.8125,1.44196,1.83815,1.27476
1,4.8375,1.44435,1.85024,1.28101
1,4.8625,1.44644,1.86075,1.28644
1,4.8875,1.4482,1.86968,1.29104
1,4.9125,1.44966,1.87705,1.29482
1,4.9375,1.45082,1.88295,1.29785
1,4.9625,1.45172,1.8875,1.30018
1,4.9875,1.45239,1.89089,1.30192
1,5.0125,1.45286,1.89331,1.30316
1,5.0375,1.45319,1.89497,1.30401
1,5.0625,1.4534,1.89606,1.30456
1,5.0875,1.45354,1.89673,1.30491
1,5.1125,1.45361,1.89713,1.30511
1,5.1375,1.45366,1.89736,1.30523
1,5.1625,1.45368,1.89748,1.30529
1,5.1875,1.45369,1.89753,1.30532
1,5.2125,1.4537,1.89756,1.30533
1,5.2375,1.4537,1.89757,1.30534
1,5.2625,1.4537,1.89757,1.30534
1,5.2875,1.4537,1.89757,1.30534
1,5.3125,1.4537,1.89757,1.30534
1,5.3375,1.4537,1.89757,1.30534
1,5.3625,1.4537,1.89756,1.30534
1,5.3875,1.4537,1.89756,1.30533
1,5.4125,1.45369,1.89756,1.30533
1,5.4375,1.45369,1.89755,1.30533
1,5.4625,1.45369,1.89755,1.30533
1,5.4875,1.45369,1.89754,1.30533
1,5.5125,1.45369,1.89754,1.30533
1,5.5375,1.45369,1.89754,1.30532
1,5.5625,1.45369,1.89753,1.30532
1,5.5875,1.45369,1.89753,1.30532
1,5.6125,1.45369,1.89752,1.30532
1,5.6375,1.45369,1.89752,1.30532
1,5.6625,1.45368,1.89752,1.30532
1,5.6875,1.45368,1.89751,1.30531
1,5.7125,1.45368,1.89751,1.30531
1,5.7375,1.45368,1.8975,1.30531
1,5.7625,1.45368,1.8975,1.30531
1,5.7875,1.45368,1.8975,1.30531
1,5.8125,1.45368,1.89749,1.3053
1,5.8375,1.45368,1.89749,1.3053
1,5.8625,1.45368,1.89748,1.3053
1,5.8875,1.45368,1.89747,1.30529
1,5.9125,1.45369,1.89742,1.30524
1,5.9375,1.45377,1.89723,1.30504
1,5.9625,1.45412,1.89636,1.30413
1,5.9875,1.45575,1.89232,1.29989
1,6.0125,1.4631,1.87387,1.28076
1,6.0375,1.49274,1.79629,1.20335
1,6.0625,1.57952,1.5462,0.978909
1,6.0875,1.72588,1.06414,0.61658
1,6.1125,1.86333,0.548218,0.294214
1,6.1375,1.9449,0.213126,0.109582
1,6.1625,1.97899,0.0662671,0.0334853
1,6.1875,1.98979,0.0189472,0.00952219
1,6.2125,1.9926,0.00653881,0.00328155
1,6.2375,1.99326,0.00356201,0.00178702
1,6.2625,1.99343,0.00282744,0.00141838
1,6.2875,1.99349,0.00256716,0.00128777
1,6.3125,1.99351,0.00243516,0.00122154
1,6.3375,1.99354,0.00232657,0.00116706
1,6.3625,1.99355,0.00222538,0.00111629
1,6.3875,1.99357,0.00213632,0.00107161
1,6.4125,1.99359,0.00204546,0.00102602
1,6.4375,1.99361,0.00196268,0.000984486
1,6.4625,1.99362,0.00188236,0.00094419
1,6.4875,1.99363,0.0018046,0.000905183
1,6.5125,1.99365,0.00173187,0.000868692
1,6.5375,1.99366,0.00166036,0.000832819
1,6.5625,1.99367,0.00159269,0.00079887
1,6.5875,1.99368,0.00152731,0.000766074
1,6.6125,1.99369,0.00146406,0.000734345
1,6.6375,1.9937,0.00140358,0.000704004
1,6.6625,1.99371,0.00134472,0.000674478
1,6.6875,1.99372,0.0012881,0.000646078
1,6.7125,1.99373,0.00123326,0.000618568
1,6.7375,1.99374,0.00118005,0.000591876
1,6.7625,1.99375,0.00112859,0.000566064
1,6.7875,1.99375,0.00107851,0.000540943
1,6.8125,1.99376,0.00102992,0.000516569
1,6.8375,1.99377,0.000982632,0.000492852
1,6.8625,1.99377,0.000936566,0.000469745
1,6.8875,1.99378,0.000891706,0.000447244
1,6.9125,1.99379,0.000847903,0.000425273
1,6.9375,1.99379,0.000805143,0.000403825
1,6.9625,1.9938,0.000763337,0.000382856
1,6.9875,1.9938,0.00072242,0.000362333
1,7.0125,1.9938,0.000682349,0.000342235
1,7.0375,1.99381,0.000643048,0.000322522
1,7.0625,1.99381,0.000604476,0.000303176
1,7.0875,1.99382,0.000566577,0.000284167
1,7.1125,1.99382,0.000529299,0.00026547
1,7.1375,1.99382,0.000492601,0.000247063
1,7.1625,1.99383,0.00045643,0.000228922
1,7.1875,1.99383,0.000420748,0.000211025
1,7.2125,1.99383,0.00038551,0.000193351
1,7.2375,1.99383,0.000350675,0.00017588
1,7.2625,1.99383,0.000316206,0.000158592
1,7.2875,1.99384,0.000282063,0.000141468
1,7.3125,1.99384,0.00024821,0.000124489
1,7.3375,1.99384,0.00021461,0.000107637
1,7.3625,1.99384,0.000181228,9.0894e-05
1,7.3875,1.99384,0.00014803,7.42434e-05
1,7.4125,1.99384,0.00011498,5.76676e-05
1,7.4375,1.99384,8.20464e-05,4.11499e-05
1,7.4625,1.99384,4.9195e-05,2.46735e-05
1,7.4875,1.99384,1.63928e-05,8.22172e-06
1,7.5125,1.99384,-1.63928e-05,-8.22172e-06
1,7.5375,1.99384,-4.9195e-05,-2.46735e-05
1,7.5625,1.99384,-8.20464e-05,-4.11499e-05
1,7.5875,1.99384,-0.00011498,-5.76676e-05
1,7.6125,1.99384,-0.00014803,-7.42434e-05
1,7.6375,1.99384,-0.000181228,-9.0894e-05
1,7.6625,1.99384,-0.00021461,-0.000107637
1,7.6875,1.99384,-0.00024821,-0.000124489
1,7.7125,1.99384,-0.000282063,-0.000141468
1,7.7375,1.99383,-0.000316206,-0.000158592
1,7.7625,1.99383,-0.000350675,-0.00017588
1,7.7875,1.99383,-0.00038551,-0.000193351
1,7.8125,1.99383,-0.000420748,-0.000211025
1,7.8375,1.99383,-0.00045643,-0.000228922
1,7.8625,1.99382,-0.000492601,-0.000247063
1,7.8875,1.99382,-0.000529299,-0.00026547
1,7.9125,1.99382,-0.000566577,-0.000284167
1,7.9375,1.99381,-0.000604476,-0.000303176
1,7.9625,1.99381,-0.000643048,-0.000322522
1,7.9875,1.9938,-0.000682349,-0.000342235
1,8.0125,1.9938,-0.00072242,-0.000362333
1,8.0375,1.9938,-0.000763337,-0.000382856
1,8.0625,1.99379,-0.000805143,-0.000403825
1,8.0875,1.99379,-0.000847903,-0.000425273
1,8.1125,1.99378,-0.000891706,-0.000447244
1,8.1375,1.99377,-0.000936566,-0.000469745
1,8.1625,1.99377,-0.000982632,-0.000492852
1,8.1875,1.99376,-0.00102992,-0.000516569
1,8.2125,1.99375,-0.00107851,-0.000540943
1,8.2375,1.99375,-0.00112859,-0.000566064
1,8.2625,1.99374,-0.00118005,-0.000591876
1,8.2875,1.99373,-0.00123326,-0.000618568
1,8.3125,1.99372,-0.0012881,-0.000646078
1,8.3375,1.99371,-0.00134472,-0.000674478
1,8.3625,1.9937,-0.00140358,-0.000704004
1,8.3875,1.99369,-0.00146406,-0.000734345
1,8.4125,1.99368,-0.00152731,-0.000766074
1,8.4375,1.99367,-0.00159269,-0.00079887
1,8.4625,1.99366,-0.00166036,-0.000832819
1,8.4875,1.99365,-0.00173187,-0.000868692
1,8.5125,1.99363,-0.0018046,-0.000905183
1,8.5375,1.99362,-0.00188236,-0.00094419
1,8.5625,1.99361,-0.00196268,-0.000984486
1,8.5875,1.99359,-0.00204546,-0.00102602
1,8.6125,1.99357,-0.00213632,-0.00107161
1,8.6375,1.99355,-0.00222538,-0.00111629
1,8.6625,1.99354,-0.00232657,-0.00116706
1,8.6875,1.99351,-0.00243516,-0.00122154
1,8.7125,1.99349,-0.00256716,-0.00128777
1,8.7375,1.99343,-0.00282744,-0.00141838
1,8.7625,1.99326,-0.00356201,-0.00178702
1,8.7875,1.9926,-0.00653881,-0.00328155
1,8.8125,1.98979,-0.0189472,-0.00952219
1,8.8375,1.97899,-0.0662671,-0.0334853
1,8.8625,1.9449,-0.213126,-0.109582
1,8.8875,1.86333,-0.548218,-0.294214
1,8.9125,1.72588,-1.06414,-0.61658
1,8.9375,1.57952,-1.5462,-0.978909
1,8.9625,1.49274,-1.79629,-1.20335
1,8.9875,1.4631,-1.87387,-1.28076
1,9.0125,1.45575,-1.89232,-1.29989
1,9.0375,1.45412,-1.89636,-1.30413
1,9.0625,1.45377,-1.89723,-1.30504
1,9.0875,1.45369,-1.89742,-1.30524
1,9.1125,1.45368,-1.89747,-1.30529
1,9.1375,1.45368,-1.89748,-1.3053
1,9.1625,1.45368,-1.89749,-1.3053
1,9.1875,1.45368,-1.89749,-1.3053
1,9.2125,1.45368,-1.8975,-1.30531
1,9.2375,1.45368,-1.8975,-1.30531
1,9.2625,1.45368,-1.8975,-1.30531
1,9.2875,1.45368,-1.89751,-1.30531
1,9.3125,1.45368,-1.89751,-1.30531
1,9.3375,1.45368,-1.89752,-1.30532
1,9.3625,1.45369,-1.89752,-1.30532
1,9.3875,1.45369,-1.89752,-1.30532
1,9.4125,1.45369,-1.89753,-1.30532
1,9.4375,1.45369,-1.89753,-1.30532
1,9.4625,1.45369,-1.89754,-1.30532
1,9.4875,1.45369,-1.89754,-1.30533
1,9.5125,1.45369,-1.89754,-1.30533
1,9.5375,1.45369,-1.89755,-1.30533
1,9.5625,1.45369,-1.89755,-1.30533
1,9.5875,1.45369,-1.89756,-1.30533
1,9.6125,1.4537,-1.89756,-1.30533
1,9.6375,1.4537,-1.89756,-1.30534
1,9.6625,1.4537,-1.89757,-1.30534
1,9.6875,1.4537,-1.89757,-1.30534
1,9.7125,1.4537,-1.89757,-1.30534
1,9.7375,1.4537,-1.89757,-1.30534
1,9.7625,1.4537,-1.89757,-1.30534
1,9.7875,1.4537,-1.89756,-1.30533
1,9.8125,1.45369,-1.89753,-1.30532
1,9.8375,1.45368,-1.89748,-1.30529
1,9.8625,1.45366,-1.89736,-1.30523
1,9.8875,1.45361,-1.89713,-1.30511
1,9.9125,1.45354,-1.89673,-1.30491
1,9.9375,1.4534,-1.89606,-1.30456
1,9.9625,1.45319,-1.89497,-1.30401
1,9.9875,1.45286,-1.89331,-1.30316
